,Unnamed: 0,norm_intensity,norm_intensity_error,norm_volume,norm_volume_error,offset(hz),slp(hz),trelax(s),fit_norm_intensity
0,0,0.364525593162,0.00373584548264,0.366953611908,0.00385480422346,-1000.0,9.999019136900001,0.2,0.36678779009486495
1,1,0.364867253828,0.00373584548264,0.35821643771399997,0.00385480422346,-944.4445,9.999019136900001,0.2,0.366777249198365
2,2,0.365281070917,0.00373584548264,0.370648902247,0.00385480422346,-888.8889,9.999019136900001,0.2,0.36676310327625145
3,3,0.359305111994,0.00373584548264,0.357200164082,0.00385480422346,-833.3333,9.999019136900001,0.2,0.3667449483887727
4,4,0.373657349348,0.00373584548264,0.36377065445100004,0.00385480422346,-777.7778,9.999019136900001,0.2,0.366722840266743
5,5,0.37122964647699996,0.00373584548264,0.371564057546,0.00385480422346,-722.2222,9.999019136900001,0.2,0.3666969450344423
6,6,0.364982704105,0.00373584548264,0.362308772279,0.00385480422346,-666.6667,9.999019136900001,0.2,0.366666854238223
7,7,0.357388384836,0.00373584548264,0.35182328276,0.00385480422346,-611.1111,9.999019136900001,0.2,0.36663064881307544
8,8,0.360931842485,0.00373584548264,0.360407747636,0.00385480422346,-555.5555,9.999019136900001,0.2,0.3665838352310925
9,9,0.35986349447800003,0.00373584548264,0.36457588655699996,0.00385480422346,-500.0,9.999019136900001,0.2,0.3665181599810457
10,10,0.365048005669,0.00373584548264,0.368776080676,0.00385480422346,-500.0,9.999019136900001,0.2,0.3665181599810457
11,11,0.3668692338,0.00373584548264,0.361647582206,0.00385480422346,-489.899,9.999019136900001,0.2,0.366503236132961
12,12,0.36781412216700005,0.00373584548264,0.358683232953,0.00385480422346,-479.798,9.999019136900001,0.2,0.3664871528516052
13,13,0.365673601861,0.00373584548264,0.363721952561,0.00385480422346,-469.69699999999995,9.999019136900001,0.2,0.3664697944487831
14,14,0.364804116957,0.00373584548264,0.365567946819,0.00385480422346,-459.5959,9.999019136900001,0.2,0.36645103409106455
15,15,0.366877892571,0.00373584548264,0.365224006914,0.00385480422346,-449.495,9.999019136900001,0.2,0.3664307342842561
16,16,0.36930018371,0.00373584548264,0.36806990326300004,0.00385480422346,-439.394,9.999019136900001,0.2,0.3664087418256528
17,17,0.370468035426,0.00373584548264,0.359717941763,0.00385480422346,-429.2929,9.999019136900001,0.2,0.36638488842897415
18,18,0.362004447722,0.00373584548264,0.355097453079,0.00385480422346,-419.1919,9.999019136900001,0.2,0.3663589908824639
19,19,0.363785268256,0.00373584548264,0.365399691417,0.00385480422346,-409.0909,9.999019136900001,0.2,0.3663308430771012
20,20,0.367736914793,0.00373584548264,0.35756941796400005,0.00385480422346,-398.9899,9.999019136900001,0.2,0.3663002164638437
21,21,0.36325527932499996,0.00373584548264,0.36690807426399996,0.00385480422346,-388.8889,9.999019136900001,0.2,0.36626685548617305
22,22,0.36975007901100004,0.00373584548264,0.35796329794299997,0.00385480422346,-378.7879,9.999019136900001,0.2,0.3662304730755475
23,23,0.367474986976,0.00373584548264,0.370714250829,0.00385480422346,-368.6869,9.999019136900001,0.2,0.3661907452063392
24,24,0.361605061917,0.00373584548264,0.36149679895099995,0.00385480422346,-358.5858,9.999019136900001,0.2,0.36614730125224704
25,25,0.369746110408,0.00373584548264,0.364362643816,0.00385480422346,-348.4849,9.999019136900001,0.2,0.36609973116320393
26,26,0.370214044815,0.00373584548264,0.36936779488899996,0.00385480422346,-338.3839,9.999019136900001,0.2,0.36604754523406124
27,27,0.361285408961,0.00373584548264,0.356439506588,0.00385480422346,-328.2828,9.999019136900001,0.2,0.36599018873247074
28,28,0.367767581273,0.00373584548264,0.361859311611,0.00385480422346,-318.1818,9.999019136900001,0.2,0.3659270266798956
29,29,0.367081373685,0.00373584548264,0.35454343468000005,0.00385480422346,-308.0808,9.999019136900001,0.2,0.36585730657981913
30,30,0.36847471422399997,0.00373584548264,0.357080197843,0.00385480422346,-297.9798,9.999019136900001,0.2,0.36578014989279944
31,31,0.36587527906499995,0.00373584548264,0.35979071944700003,0.00385480422346,-287.8788,9.999019136900001,0.2,0.36569451975786466
32,32,0.364900085,0.00373584548264,0.357992188895,0.00385480422346,-277.7778,9.999019136900001,0.2,0.3655991847000532
33,33,0.361671085045,0.00373584548264,0.360292596556,0.00385480422346,-267.6768,9.999019136900001,0.2,0.36549267246082995
34,34,0.362873571844,0.00373584548264,0.36582837811499996,0.00385480422346,-257.5757,9.999019136900001,0.2,0.3653732065815443
35,35,0.36573601716700005,0.00373584548264,0.359764442438,0.00385480422346,-247.4747,9.999019136900001,0.2,0.36523864679888457
36,36,0.36106821812600004,0.00373584548264,0.352257747648,0.00385480422346,-237.3737,9.999019136900001,0.2,0.3650863633966025
37,37,0.36331047898900004,0.00373584548264,0.35881970830700005,0.00385480422346,-227.2727,9.999019136900001,0.2,0.36491312242634844
38,38,0.372747096065,0.00373584548264,0.35775321944899996,0.00385480422346,-217.1717,9.999019136900001,0.2,0.3647149054404277
39,39,0.36075707962700004,0.00373584548264,0.35567004423299997,0.00385480422346,-207.0707,9.999019136900001,0.2,0.36448667194974443
40,40,0.36111656293000005,0.00373584548264,0.354672618509,0.00385480422346,-196.9697,9.999019136900001,0.2,0.36422203455695384
41,41,0.361697061357,0.00373584548264,0.35334033289300004,0.00385480422346,-186.8687,9.999019136900001,0.2,0.3639128082879155
42,42,0.366939947095,0.00373584548264,0.36478665293000007,0.00385480422346,-176.7677,9.999019136900001,0.2,0.3635483755706911
43,43,0.365319313821,0.00373584548264,0.36729700150899997,0.00385480422346,-166.6667,9.999019136900001,0.2,0.3631147759572927
44,44,0.366484640062,0.00373584548264,0.362034996115,0.00385480422346,-156.5657,9.999019136900001,0.2,0.36259337629729516
45,45,0.362823062347,0.00373584548264,0.353905219793,0.00385480422346,-146.4646,9.999019136900001,0.2,0.36195888881553545
46,46,0.35930384925700004,0.00373584548264,0.364062315491,0.00385480422346,-136.3636,9.999019136900001,0.2,0.3611763331127725
47,47,0.357972851867,0.00373584548264,0.35323206060999995,0.00385480422346,-126.2626,9.999019136900001,0.2,0.36019629316756463
48,48,0.357572672342,0.00373584548264,0.357587715567,0.00385480422346,-116.1616,9.999019136900001,0.2,0.358947233487482
49,49,0.34705677556000003,0.00373584548264,0.346872611767,0.00385480422346,-106.0606,9.999019136900001,0.2,0.35732266712784166
50,50,0.348704900431,0.00373584548264,0.348292808423,0.00385480422346,-95.95959,9.999019136900001,0.2,0.3551588597722637
51,51,0.349782881321,0.00373584548264,0.35167346253700005,0.00385480422346,-85.85859,9.999019136900001,0.2,0.35219431491793923
52,52,0.34993632195600005,0.00373584548264,0.352614206965,0.00385480422346,-75.75758,9.999019136900001,0.2,0.3479922449430145
53,53,0.34647472577,0.00373584548264,0.34240221845799995,0.00385480422346,-65.65656,9.999019136900001,0.2,0.34178293949573363
54,54,0.335355925991,0.00373584548264,0.328984847613,0.00385480422346,-55.55556,9.999019136900001,0.2,0.33212018968275947
55,55,0.31469732545,0.00373584548264,0.30889779413,0.00385480422346,-45.45454,9.999019136900001,0.2,0.31607248225451073
56,56,0.287322116377,0.00373584548264,0.277599262776,0.00385480422346,-35.35353,9.999019136900001,0.2,0.28718301437336585
57,57,0.222237274854,0.00373584548264,0.21686456586599998,0.00385480422346,-25.25253,9.999019136900001,0.2,0.23048589940891487
58,58,0.109937599125,0.00373584548264,0.112552242752,0.00385480422346,-15.151520000000001,9.999019136900001,0.2,0.12194848525031574
59,59,0.055285963122300004,0.00373584548264,0.0653281244017,0.00385480422346,-5.050505,9.999019136900001,0.2,0.0218485514877501
60,60,0.00883614935802,0.00373584548264,0.010790668772799999,0.00385480422346,5.050505,9.999019136900001,0.2,0.031986283956495165
61,61,0.127028966475,0.00373584548264,0.11972565977399999,0.00385480422346,15.151520000000001,9.999019136900001,0.2,0.10371415889614899
62,62,0.224148518124,0.00373584548264,0.22638358425299998,0.00385480422346,25.25253,9.999019136900001,0.2,0.216112798923812
63,63,0.27593211668,0.00373584548264,0.271513452522,0.00385480422346,35.35353,9.999019136900001,0.2,0.27488278669582106
64,64,0.30242193035799997,0.00373584548264,0.304283909093,0.00385480422346,45.45454,9.999019136900001,0.2,0.3053931153477162
65,65,0.322559381129,0.00373584548264,0.330974196023,0.00385480422346,55.55556,9.999019136900001,0.2,0.3226793636516064
66,66,0.324674177669,0.00373584548264,0.333931116174,0.00385480422346,65.65656,9.999019136900001,0.2,0.33326411554994956
67,67,0.337128556771,0.00373584548264,0.34127987376,0.00385480422346,75.75758,9.999019136900001,0.2,0.3401476664942182
68,68,0.348800652005,0.00373584548264,0.343214329362,0.00385480422346,85.85859,9.999019136900001,0.2,0.34482875720607825
69,69,0.344948364863,0.00373584548264,0.348059342015,0.00385480422346,95.95959,9.999019136900001,0.2,0.34811207633880636
70,70,0.34692242030000003,0.00373584548264,0.34848114991499995,0.00385480422346,106.0606,9.999019136900001,0.2,0.3504544988006607
71,71,0.349549960386,0.00373584548264,0.34278454205700004,0.00385480422346,116.1616,9.999019136900001,0.2,0.35212469437122396
72,72,0.353881113633,0.00373584548264,0.350583723342,0.00385480422346,126.2626,9.999019136900001,0.2,0.3532807330505539
73,73,0.353464446365,0.00373584548264,0.35609928123400003,0.00385480422346,136.3636,9.999019136900001,0.2,0.3540081542345414
74,74,0.353626834397,0.00373584548264,0.34631143941799997,0.00385480422346,146.4646,9.999019136900001,0.2,0.35433581811369164
75,75,0.346956622444,0.00373584548264,0.343393040537,0.00385480422346,156.5657,9.999019136900001,0.2,0.35423525267081807
76,76,0.35028404376100003,0.00373584548264,0.341264740404,0.00385480422346,166.6667,9.999019136900001,0.2,0.3536006866315603
77,77,0.349696510082,0.00373584548264,0.337533680315,0.00385480422346,176.7677,9.999019136900001,0.2,0.35219509477113325
78,78,0.342655125487,0.00373584548264,0.339495788685,0.00385480422346,186.8687,9.999019136900001,0.2,0.3495241468920055
79,79,0.341552863961,0.00373584548264,0.339894208671,0.00385480422346,196.9697,9.999019136900001,0.2,0.34455167976405876
80,80,0.335422598526,0.00373584548264,0.33270916648000004,0.00385480422346,207.0707,9.999019136900001,0.2,0.33517638569154545
81,81,0.308484982084,0.00373584548264,0.306721479987,0.00385480422346,217.1717,9.999019136900001,0.2,0.31860428890575443
82,82,0.308791466493,0.00373584548264,0.298400885806,0.00385480422346,227.2727,9.999019136900001,0.2,0.30121718693892674
83,83,0.307980825152,0.00373584548264,0.30147625886,0.00385480422346,237.3737,9.999019136900001,0.2,0.3075705039287869
84,84,0.327958990618,0.00373584548264,0.326983392518,0.00385480422346,247.4747,9.999019136900001,0.2,0.3273222254342149
85,85,0.33967820399800003,0.00373584548264,0.343134397728,0.00385480422346,257.5757,9.999019136900001,0.2,0.3408438533897617
86,86,0.344266991755,0.00373584548264,0.337729863637,0.00385480422346,267.6768,9.999019136900001,0.2,0.34822233919537116
87,87,0.35341141139399995,0.00373584548264,0.350246662235,0.00385480422346,277.7778,9.999019136900001,0.2,0.3523071870131966
88,88,0.359849604366,0.00373584548264,0.36225594311,0.00385480422346,287.8788,9.999019136900001,0.2,0.35470203790676347
89,89,0.36073312369499994,0.00373584548264,0.357624585925,0.00385480422346,297.9798,9.999019136900001,0.2,0.35618980273310663
90,90,0.35248358802100005,0.00373584548264,0.35243425760700003,0.00385480422346,308.0808,9.999019136900001,0.2,0.35716806146878105
91,91,0.35242319309500003,0.00373584548264,0.34137026116700003,0.00385480422346,318.1818,9.999019136900001,0.2,0.35785573288759753
92,92,0.364278096629,0.00373584548264,0.35826046202100004,0.00385480422346,328.2828,9.999019136900001,0.2,0.3583848196857176
93,93,0.36473376444399996,0.00373584548264,0.360938240546,0.00385480422346,338.3839,9.999019136900001,0.2,0.35884133201498525
94,94,0.37084613508500003,0.00373584548264,0.370142485131,0.00385480422346,348.4849,9.999019136900001,0.2,0.3592829172733247
95,95,0.35644511998899997,0.00373584548264,0.357575333731,0.00385480422346,358.5858,9.999019136900001,0.2,0.3597456141548226
96,96,0.36197197733099995,0.00373584548264,0.356539386737,0.00385480422346,368.6869,9.999019136900001,0.2,0.3602462448012898
97,97,0.35637808667099996,0.00373584548264,0.357390294062,0.00385480422346,378.7879,9.999019136900001,0.2,0.36078453972017105
98,98,0.355964558208,0.00373584548264,0.350294951398,0.00385480422346,388.8889,9.999019136900001,0.2,0.3613473270732149
99,99,0.36030909647200005,0.00373584548264,0.357780597066,0.00385480422346,398.9899,9.999019136900001,0.2,0.3619144577788501
100,100,0.358987046479,0.00373584548264,0.355855359054,0.00385480422346,409.0909,9.999019136900001,0.2,0.3624649698932699
101,101,0.360896125056,0.00373584548264,0.358244915938,0.00385480422346,419.1919,9.999019136900001,0.2,0.3629816417294
102,102,0.36227214805299995,0.00373584548264,0.365998422004,0.00385480422346,429.2929,9.999019136900001,0.2,0.36345313085129505
103,103,0.367166157483,0.00373584548264,0.356046314489,0.00385480422346,439.394,9.999019136900001,0.2,0.3638740239527297
104,104,0.36520855371100003,0.00373584548264,0.36373144530199997,0.00385480422346,449.495,9.999019136900001,0.2,0.36424364511067736
105,105,0.37100451843500004,0.00373584548264,0.366715330342,0.00385480422346,459.5959,9.999019136900001,0.2,0.36456454057136534
106,106,0.36359693999,0.00373584548264,0.361744985987,0.00385480422346,469.69699999999995,9.999019136900001,0.2,0.3648410750038018
107,107,0.363898193059,0.00373584548264,0.36235582325800003,0.00385480422346,479.798,9.999019136900001,0.2,0.365078350948771
108,108,0.37327492030299997,0.00373584548264,0.363607351784,0.00385480422346,489.899,9.999019136900001,0.2,0.36528156556337815
109,109,0.358682113433,0.00373584548264,0.356517649735,0.00385480422346,500.0,9.999019136900001,0.2,0.3654556002992282
110,110,0.37394489269599995,0.00373584548264,0.370495917777,0.00385480422346,500.0,9.999019136900001,0.2,0.3654556002992282
111,111,0.368614336904,0.00373584548264,0.36509330975000004,0.00385480422346,555.5555,9.999019136900001,0.2,0.36605963509616124
112,112,0.371866787697,0.00373584548264,0.363243188213,0.00385480422346,611.1111,9.999019136900001,0.2,0.36634440657486966
113,113,0.37057627006099997,0.00373584548264,0.36317426265600006,0.00385480422346,666.6667,9.999019136900001,0.2,0.3664959008473954
114,114,0.36468830589699996,0.00373584548264,0.357983108882,0.00385480422346,722.2222,9.999019136900001,0.2,0.3665865868448683
115,115,0.36847399266,0.00373584548264,0.362601258774,0.00385480422346,777.7778,9.999019136900001,0.2,0.366646902530152
116,116,0.372545418861,0.00373584548264,0.37229059620099997,0.00385480422346,833.3333,9.999019136900001,0.2,0.3666903175103741
117,117,0.362554640452,0.00373584548264,0.366508553671,0.00385480422346,888.8889,9.999019136900001,0.2,0.3667229001591121
118,118,0.37512717569700005,0.00373584548264,0.372574415411,0.00385480422346,944.4445,9.999019136900001,0.2,0.36674750919713167
119,119,0.373733474375,0.00373584548264,0.36837903645000003,0.00385480422346,1000.0,9.999019136900001,0.2,0.36676581392419694
120,0,0.368176320978,0.00280823123217,0.363448267322,0.006521304988180001,-1000.0,20.000859683199998,0.2,0.3665314550493098
121,1,0.374363724659,0.00280823123217,0.371795506207,0.006521304988180001,-944.4445,20.000859683199998,0.2,0.3664908444772604
122,2,0.360795490085,0.00280823123217,0.35641887971,0.006521304988180001,-888.8889,20.000859683199998,0.2,0.3664361071082343
123,3,0.36379176515,0.00280823123217,0.359844445525,0.006521304988180001,-833.3333,20.000859683199998,0.2,0.36636477005227086
124,4,0.367336769979,0.00280823123217,0.36018358388599997,0.006521304988180001,-777.7778,20.000859683199998,0.2,0.36627612179403063
125,5,0.368308230368,0.00280823123217,0.36220202919,0.006521304988180001,-722.2222,20.000859683199998,0.2,0.3661702466051263
126,6,0.36662724447899997,0.00280823123217,0.362681003859,0.006521304988180001,-666.6667,20.000859683199998,0.2,0.36604575724391375
127,7,0.37315175403899997,0.00280823123217,0.370090491983,0.006521304988180001,-611.1111,20.000859683199998,0.2,0.3658963931444019
128,8,0.365689324759,0.00280823123217,0.36785424103500003,0.006521304988180001,-555.5555,20.000859683199998,0.2,0.36570683128560205
129,9,0.365445305316,0.00280823123217,0.360838413307,0.006521304988180001,-500.0,20.000859683199998,0.2,0.3654476150080027
130,10,0.36673255774400004,0.00280823123217,0.36103686786600003,0.006521304988180001,-500.0,20.000859683199998,0.2,0.3654476150080027
131,11,0.370437102382,0.00280823123217,0.363292752397,0.006521304988180001,-489.899,20.000859683199998,0.2,0.3653894757006498
132,12,0.362978773337,0.00280823123217,0.357695768831,0.006521304988180001,-479.798,20.000859683199998,0.2,0.3653270381815651
133,13,0.367794777408,0.00280823123217,0.364448873797,0.006521304988180001,-469.69699999999995,20.000859683199998,0.2,0.3652598602887583
134,14,0.360123716306,0.00280823123217,0.367331620488,0.006521304988180001,-459.5959,20.000859683199998,0.2,0.3651874568140591
135,15,0.369354122966,0.00280823123217,0.366653626264,0.006521304988180001,-449.495,20.000859683199998,0.2,0.3651092878758882
136,16,0.36153205497900004,0.00280823123217,0.355619835267,0.006521304988180001,-439.394,20.000859683199998,0.2,0.36502476536795325
137,17,0.359211469234,0.00280823123217,0.35947493867299996,0.006521304988180001,-429.2929,20.000859683199998,0.2,0.36493323175375075
138,18,0.36624721541,0.00280823123217,0.36763742413199996,0.006521304988180001,-419.1919,20.000859683199998,0.2,0.3648339612679165
139,19,0.36477929403000003,0.00280823123217,0.368182503238,0.006521304988180001,-409.0909,20.000859683199998,0.2,0.3647261441836593
140,20,0.36682228272600004,0.00280823123217,0.365522223403,0.006521304988180001,-398.9899,20.000859683199998,0.2,0.36460887621832117
141,21,0.358551257381,0.00280823123217,0.360193753799,0.006521304988180001,-388.8889,20.000859683199998,0.2,0.3644811434004642
142,22,0.36561795849100004,0.00280823123217,0.363413096372,0.006521304988180001,-378.7879,20.000859683199998,0.2,0.36434180421706347
143,23,0.368831361362,0.00280823123217,0.36861966826399994,0.006521304988180001,-368.6869,20.000859683199998,0.2,0.3641895681204345
144,24,0.365273908069,0.00280823123217,0.364723461458,0.006521304988180001,-358.5858,20.000859683199998,0.2,0.3640229601913478
145,25,0.357591248102,0.00280823123217,0.351815581428,0.006521304988180001,-348.4849,20.000859683199998,0.2,0.3638403365213686
146,26,0.364356969736,0.00280823123217,0.368991858843,0.006521304988180001,-338.3839,20.000859683199998,0.2,0.3636397521682596
147,27,0.3592718646,0.00280823123217,0.360277231838,0.006521304988180001,-328.2828,20.000859683199998,0.2,0.3634189943235686
148,28,0.36426480677699996,0.00280823123217,0.368502573012,0.006521304988180001,-318.1818,20.000859683199998,0.2,0.36317553122546015
149,29,0.350819394584,0.00280823123217,0.352921418257,0.006521304988180001,-308.0808,20.000859683199998,0.2,0.3629063727546189
150,30,0.362108562918,0.00280823123217,0.358314297311,0.006521304988180001,-297.9798,20.000859683199998,0.2,0.36260803259107505
151,31,0.354081187625,0.00280823123217,0.34851657453400003,0.006521304988180001,-287.8788,20.000859683199998,0.2,0.3622764058596102
152,32,0.36639282919200006,0.00280823123217,0.359314056294,0.006521304988180001,-277.7778,20.000859683199998,0.2,0.36190663072298607
153,33,0.364294801295,0.00280823123217,0.360159854088,0.006521304988180001,-267.6768,20.000859683199998,0.2,0.36149291324135413
154,34,0.352958720352,0.00280823123217,0.358524334272,0.006521304988180001,-257.5757,20.000859683199998,0.2,0.3610282791813954
155,35,0.36036452204999997,0.00280823123217,0.359185661138,0.006521304988180001,-247.4747,20.000859683199998,0.2,0.36050438511465044
156,36,0.35895175068999996,0.00280823123217,0.358612332272,0.006521304988180001,-237.3737,20.000859683199998,0.2,0.35991100239363144
157,37,0.35559528283299996,0.00280823123217,0.354997634318,0.006521304988180001,-227.2727,20.000859683199998,0.2,0.35923562577216406
158,38,0.35548782710199994,0.00280823123217,0.35394561328100005,0.006521304988180001,-217.1717,20.000859683199998,0.2,0.3584628087382565
159,39,0.35182022152599995,0.00280823123217,0.35816782230899996,0.006521304988180001,-207.0707,20.000859683199998,0.2,0.35757330805466186
160,40,0.356079849446,0.00280823123217,0.353229481882,0.006521304988180001,-196.9697,20.000859683199998,0.2,0.3565429303503495
161,41,0.35107885455399995,0.00280823123217,0.349390057092,0.006521304988180001,-186.8687,20.000859683199998,0.2,0.35534095882704964
162,42,0.35846585427,0.00280823123217,0.354728272863,0.006521304988180001,-176.7677,20.000859683199998,0.2,0.3539279806536093
163,43,0.35450920053499996,0.00280823123217,0.34977863253200003,0.006521304988180001,-166.6667,20.000859683199998,0.2,0.3522528475699133
164,44,0.35195449501599996,0.00280823123217,0.348668699488,0.006521304988180001,-156.5657,20.000859683199998,0.2,0.3502483657944356
165,45,0.35441371306,0.00280823123217,0.351631816743,0.006521304988180001,-146.4646,20.000859683199998,0.2,0.34782503201287723
166,46,0.351066258334,0.00280823123217,0.35723317902199997,0.006521304988180001,-136.3636,20.000859683199998,0.2,0.3448622449107656
167,47,0.345208203328,0.00280823123217,0.347395624084,0.006521304988180001,-126.2626,20.000859683199998,0.2,0.3411945756697916
168,48,0.33629270217100005,0.00280823123217,0.339446424308,0.006521304988180001,-116.1616,20.000859683199998,0.2,0.3365920016860533
169,49,0.323761273186,0.00280823123217,0.315872988894,0.006521304988180001,-106.0606,20.000859683199998,0.2,0.33072965683677263
170,50,0.320656545035,0.00280823123217,0.31971848738200004,0.006521304988180001,-95.95959,20.000859683199998,0.2,0.3231421407753555
171,51,0.319139864094,0.00280823123217,0.319330335689,0.006521304988180001,-85.85859,20.000859683199998,0.2,0.3131551862007864
172,52,0.296254489943,0.00280823123217,0.295606611555,0.006521304988180001,-75.75758,20.000859683199998,0.2,0.29978588568677805
173,53,0.277547884106,0.00280823123217,0.275430068451,0.006521304988180001,-65.65656,20.000859683199998,0.2,0.2816024544719444
174,54,0.24315591830299998,0.00280823123217,0.24616684901099997,0.006521304988180001,-55.55556,20.000859683199998,0.2,0.256500788584328
175,55,0.208931175632,0.00280823123217,0.20123603055300002,0.006521304988180001,-45.45454,20.000859683199998,0.2,0.2210026099503089
176,56,0.156196232117,0.00280823123217,0.14877608624000002,0.006521304988180001,-35.35353,20.000859683199998,0.2,0.16686733026511116
177,57,0.0873763957425,0.00280823123217,0.09158235800650001,0.006521304988180001,-25.25253,20.000859683199998,0.2,0.08217872817053966
178,58,0.023031353629499998,0.00280823123217,0.0245484334826,0.006521304988180001,-15.151520000000001,20.000859683199998,0.2,0.053454343217349695
179,59,0.064818412497,0.00280823123217,0.0594564209561,0.006521304988180001,-5.050505,20.000859683199998,0.2,0.035588978648256886
180,60,0.0477372731388,0.00280823123217,0.0414625390064,0.006521304988180001,5.050505,20.000859683199998,0.2,0.03992070610673373
181,61,0.0482506522207,0.00280823123217,0.046573174716,0.006521304988180001,15.151520000000001,20.000859683199998,0.2,0.04869360093157382
182,62,0.070917827333,0.00280823123217,0.07559620057689999,0.006521304988180001,25.25253,20.000859683199998,0.2,0.06765808042537841
183,63,0.14224061760099999,0.00280823123217,0.14540970367,0.006521304988180001,35.35353,20.000859683199998,0.2,0.14636823748974287
184,64,0.19826221414700002,0.00280823123217,0.188029833064,0.006521304988180001,45.45454,20.000859683199998,0.2,0.19395008553321264
185,65,0.229917734247,0.00280823123217,0.227343751876,0.006521304988180001,55.55556,20.000859683199998,0.2,0.22820385460455286
186,66,0.259447152762,0.00280823123217,0.261067184566,0.006521304988180001,65.65656,20.000859683199998,0.2,0.25401694530296204
187,67,0.273125576557,0.00280823123217,0.280131393397,0.006521304988180001,75.75758,20.000859683199998,0.2,0.2732739671913648
188,68,0.29614134559599997,0.00280823123217,0.295800969899,0.006521304988180001,85.85859,20.000859683199998,0.2,0.28758057698369255
189,69,0.302464352574,0.00280823123217,0.293330528446,0.006521304988180001,95.95959,20.000859683199998,0.2,0.2982250755131406
190,70,0.305727032153,0.00280823123217,0.300075299733,0.006521304988180001,106.0606,20.000859683199998,0.2,0.30614384103472114
191,71,0.316711785679,0.00280823123217,0.31013376779,0.006521304988180001,116.1616,20.000859683199998,0.2,0.31198038643046516
192,72,0.311732584833,0.00280823123217,0.309330203386,0.006521304988180001,126.2626,20.000859683199998,0.2,0.3161557016494167
193,73,0.314236425264,0.00280823123217,0.311014736534,0.006521304988180001,136.3636,20.000859683199998,0.2,0.3189190382245258
194,74,0.31677580107299996,0.00280823123217,0.312105742239,0.006521304988180001,146.4646,20.000859683199998,0.2,0.3203754341008555
195,75,0.308049206278,0.00280823123217,0.304765466025,0.006521304988180001,156.5657,20.000859683199998,0.2,0.3204871805819404
196,76,0.307186642244,0.00280823123217,0.302761145601,0.006521304988180001,166.6667,20.000859683199998,0.2,0.31904773599594655
197,77,0.307816859579,0.00280823123217,0.306159167901,0.006521304988180001,176.7677,20.000859683199998,0.2,0.3156232384431426
198,78,0.295927911697,0.00280823123217,0.290064432522,0.006521304988180001,186.8687,20.000859683199998,0.2,0.309471627563245
199,79,0.290402197431,0.00280823123217,0.28478469375300003,0.006521304988180001,196.9697,20.000859683199998,0.2,0.29954443511123346
200,80,0.283725277302,0.00280823123217,0.27878246739,0.006521304988180001,207.0707,20.000859683199998,0.2,0.28505692100885344
201,81,0.272415644727,0.00280823123217,0.26122284074,0.006521304988180001,217.1717,20.000859683199998,0.2,0.2679131135284482
202,82,0.269894738449,0.00280823123217,0.257209114936,0.006521304988180001,227.2727,20.000859683199998,0.2,0.2565859167628225
203,83,0.262673779817,0.00280823123217,0.24925567769499998,0.006521304988180001,237.3737,20.000859683199998,0.2,0.26094032980670684
204,84,0.284146050155,0.00280823123217,0.275866244735,0.006521304988180001,247.4747,20.000859683199998,0.2,0.2774460843018466
205,85,0.289260854297,0.00280823123217,0.280951766408,0.006521304988180001,257.5757,20.000859683199998,0.2,0.2950591043051807
206,86,0.305635607975,0.00280823123217,0.293346772058,0.006521304988180001,267.6768,20.000859683199998,0.2,0.30858325069336123
207,87,0.31472878602,0.00280823123217,0.316763562556,0.006521304988180001,277.7778,20.000859683199998,0.2,0.3178947100254427
208,88,0.326181188069,0.00280823123217,0.326012251261,0.006521304988180001,287.8788,20.000859683199998,0.2,0.32415455879176297
209,89,0.329471461127,0.00280823123217,0.321613481237,0.006521304988180001,297.9798,20.000859683199998,0.2,0.3284079976543949
210,90,0.332198856761,0.00280823123217,0.327600593979,0.006521304988180001,308.0808,20.000859683199998,0.2,0.33138751440102465
211,91,0.341310430458,0.00280823123217,0.337197743466,0.006521304988180001,318.1818,20.000859683199998,0.2,0.3335876398052816
212,92,0.33904783903999997,0.00280823123217,0.331350608281,0.006521304988180001,328.2828,20.000859683199998,0.2,0.33535102691127594
213,93,0.325865469907,0.00280823123217,0.32536702675900003,0.006521304988180001,338.3839,20.000859683199998,0.2,0.3369230222168363
214,94,0.33930478715499995,0.00280823123217,0.336622437117,0.006521304988180001,348.4849,20.000859683199998,0.2,0.33847810597361777
215,95,0.33461123607500004,0.00280823123217,0.320691126595,0.006521304988180001,358.5858,20.000859683199998,0.2,0.340128928125215
216,96,0.34465142084899997,0.00280823123217,0.346475953169,0.006521304988180001,368.6869,20.000859683199998,0.2,0.34192826379505153
217,97,0.353908386694,0.00280823123217,0.354657083469,0.006521304988180001,378.7879,20.000859683199998,0.2,0.34387306230059045
218,98,0.34627016441799996,0.00280823123217,0.346541068864,0.006521304988180001,388.8889,20.000859683199998,0.2,0.3459167212255204
219,99,0.352878895039,0.00280823123217,0.351083630164,0.006521304988180001,398.9899,20.000859683199998,0.2,0.34798795582509323
220,100,0.347654455762,0.00280823123217,0.344176705258,0.006521304988180001,409.0909,20.000859683199998,0.2,0.35001135001412415
221,101,0.34596290530199997,0.00280823123217,0.349974968359,0.006521304988180001,419.1919,20.000859683199998,0.2,0.35192325116285034
222,102,0.352335336744,0.00280823123217,0.35132502435699997,0.006521304988180001,429.2929,20.000859683199998,0.2,0.3536799017476942
223,103,0.360428352749,0.00280823123217,0.36351423051,0.006521304988180001,439.394,20.000859683199998,0.2,0.35525842622591314
224,104,0.35623344206600005,0.00280823123217,0.346870743556,0.006521304988180001,449.495,20.000859683199998,0.2,0.3566532561851365
225,105,0.360825817055,0.00280823123217,0.36629556056400003,0.006521304988180001,459.5959,20.000859683199998,0.2,0.3578710770617071
226,106,0.36189394696800004,0.00280823123217,0.3592370757,0.006521304988180001,469.69699999999995,20.000859683199998,0.2,0.35892588784790697
227,107,0.35827399278300004,0.00280823123217,0.36335942182899994,0.006521304988180001,479.798,20.000859683199998,0.2,0.35983505444092323
228,108,0.35915314245499996,0.00280823123217,0.362679167625,0.006521304988180001,489.899,20.000859683199998,0.2,0.360616829079029
229,109,0.363253821592,0.00280823123217,0.362522240212,0.006521304988180001,500.0,20.000859683199998,0.2,0.36128871795011236
230,110,0.36290766564300003,0.00280823123217,0.358394809126,0.006521304988180001,500.0,20.000859683199998,0.2,0.36128871795011236
231,111,0.365002479842,0.00280823123217,0.357860464928,0.006521304988180001,555.5555,20.000859683199998,0.2,0.3636393370565869
232,112,0.359127063478,0.00280823123217,0.367339954167,0.006521304988180001,611.1111,20.000859683199998,0.2,0.3647605926013689
233,113,0.36471276678000003,0.00280823123217,0.35666917257700004,0.006521304988180001,666.6667,20.000859683199998,0.2,0.36536345758373767
234,114,0.36786691939599997,0.00280823123217,0.36883055271700005,0.006521304988180001,722.2222,20.000859683199998,0.2,0.36572783830387945
235,115,0.370045178935,0.00280823123217,0.373309269561,0.006521304988180001,777.7778,20.000859683199998,0.2,0.36597137966788734
236,116,0.367745685394,0.00280823123217,0.366161656705,0.006521304988180001,833.3333,20.000859683199998,0.2,0.3661462078448452
237,117,0.37316837661700003,0.00280823123217,0.36951914060099994,0.006521304988180001,888.8889,20.000859683199998,0.2,0.3662762195790351
238,118,0.366432206232,0.00280823123217,0.369546401619,0.006521304988180001,944.4445,20.000859683199998,0.2,0.36637328238555555
239,119,0.36819966646499996,0.00280823123217,0.366488647669,0.006521304988180001,1000.0,20.000859683199998,0.2,0.3664448284692376
240,0,0.36791854764700005,0.00339411027659,0.36630973474600004,0.0047264448879600005,-1000.0,40.000073832800005,0.2,0.3654845109645184
241,1,0.370623457608,0.00339411027659,0.36445756350100006,0.0047264448879600005,-944.4445,40.000073832800005,0.2,0.36533921997507873
242,2,0.36194252695699997,0.00339411027659,0.370253167237,0.0047264448879600005,-888.8889,40.000073832800005,0.2,0.36514933114870723
243,3,0.364624520854,0.00339411027659,0.360369180932,0.0047264448879600005,-833.3333,40.000073832800005,0.2,0.36489603664034176
244,4,0.367935947566,0.00339411027659,0.36913125081299997,0.0047264448879600005,-777.7778,40.000073832800005,0.2,0.36456290661601165
245,5,0.371300943816,0.00339411027659,0.370185420365,0.0047264448879600005,-722.2222,40.000073832800005,0.2,0.3641361586359626
246,6,0.36140498052299996,0.00339411027659,0.361486298619,0.0047264448879600005,-666.6667,40.000073832800005,0.2,0.3636012665379558
247,7,0.367740254009,0.00339411027659,0.36179751081100003,0.0047264448879600005,-611.1111,40.000073832800005,0.2,0.3629349716259687
248,8,0.363757671698,0.00339411027659,0.35661572196,0.0047264448879600005,-555.5555,40.000073832800005,0.2,0.36209248874802813
249,9,0.353527185707,0.00339411027659,0.351306907725,0.0047264448879600005,-500.0,40.000073832800005,0.2,0.36098817353430657
250,10,0.360575633746,0.00339411027659,0.36890429879299996,0.0047264448879600005,-500.0,40.000073832800005,0.2,0.36098817353430657
251,11,0.35838146693899997,0.00339411027659,0.350881796105,0.0047264448879600005,-489.899,40.000073832800005,0.2,0.3607485653888353
252,12,0.361783336209,0.00339411027659,0.355255562371,0.0047264448879600005,-479.798,40.000073832800005,0.2,0.36049413765989985
253,13,0.354325693905,0.00339411027659,0.353362037307,0.0047264448879600005,-469.69699999999995,40.000073832800005,0.2,0.36022345701522934
254,14,0.357743852461,0.00339411027659,0.358398170383,0.0047264448879600005,-459.5959,40.000073832800005,0.2,0.3599349466686357
255,15,0.360989899902,0.00339411027659,0.353106716284,0.0047264448879600005,-449.495,40.000073832800005,0.2,0.35962676273524813
256,16,0.368719943491,0.00339411027659,0.359212120819,0.0047264448879600005,-439.394,40.000073832800005,0.2,0.359296976850859
257,17,0.36368462905999993,0.00339411027659,0.356928627824,0.0047264448879600005,-429.2929,40.000073832800005,0.2,0.35894336723938547
258,18,0.365511028217,0.00339411027659,0.360940936301,0.0047264448879600005,-419.1919,40.000073832800005,0.2,0.3585633901643801
259,19,0.356746392849,0.00339411027659,0.349397857336,0.0047264448879600005,-409.0909,40.000073832800005,0.2,0.3581542678722186
260,20,0.360978497402,0.00339411027659,0.355372566864,0.0047264448879600005,-398.9899,40.000073832800005,0.2,0.3577128471176523
261,21,0.354268422257,0.00339411027659,0.348965547611,0.0047264448879600005,-388.8889,40.000073832800005,0.2,0.35723556939672924
262,22,0.348035623187,0.00339411027659,0.346650439409,0.0047264448879600005,-378.7879,40.000073832800005,0.2,0.3567184072532822
263,23,0.35298578907899997,0.00339411027659,0.35152059265,0.0047264448879600005,-368.6869,40.000073832800005,0.2,0.3561567880949303
264,24,0.354995294618,0.00339411027659,0.353655889363,0.0047264448879600005,-358.5858,40.000073832800005,0.2,0.3555455364055711
265,25,0.349795976694,0.00339411027659,0.349236958515,0.0047264448879600005,-348.4849,40.000073832800005,0.2,0.3548785944986454
266,26,0.357065884978,0.00339411027659,0.350642423825,0.0047264448879600005,-338.3839,40.000073832800005,0.2,0.35414922594129816
267,27,0.357213080889,0.00339411027659,0.351467241988,0.0047264448879600005,-328.2828,40.000073832800005,0.2,0.3533495518847319
268,28,0.348884739234,0.00339411027659,0.34488408086800004,0.0047264448879600005,-318.1818,40.000073832800005,0.2,0.35247037148485716
269,29,0.351628336249,0.00339411027659,0.35551991630999996,0.0047264448879600005,-308.0808,40.000073832800005,0.2,0.3515011008584488
270,30,0.344518988495,0.00339411027659,0.3427230968,0.0047264448879600005,-297.9798,40.000073832800005,0.2,0.3504293210897724
271,31,0.35247822974,0.00339411027659,0.344221572919,0.0047264448879600005,-287.8788,40.000073832800005,0.2,0.3492404317605447
272,32,0.347027094265,0.00339411027659,0.34895961975900003,0.0047264448879600005,-277.7778,40.000073832800005,0.2,0.3479171708901036
273,33,0.346607608133,0.00339411027659,0.345413635582,0.0047264448879600005,-267.6768,40.000073832800005,0.2,0.3464390091082785
274,34,0.350033763247,0.00339411027659,0.348830900703,0.0047264448879600005,-257.5757,40.000073832800005,0.2,0.3447814345689071
275,35,0.34977483764399997,0.00339411027659,0.34361410930200004,0.0047264448879600005,-247.4747,40.000073832800005,0.2,0.3429147660680798
276,36,0.3377248014,0.00339411027659,0.341141066206,0.0047264448879600005,-237.3737,40.000073832800005,0.2,0.3408032126885773
277,37,0.338897259772,0.00339411027659,0.33749092121299995,0.0047264448879600005,-227.2727,40.000073832800005,0.2,0.3384030825900283
278,38,0.327837501046,0.00339411027659,0.326884019332,0.0047264448879600005,-217.1717,40.000073832800005,0.2,0.3356608201798548
279,39,0.333471779923,0.00339411027659,0.331296034352,0.0047264448879600005,-207.0707,40.000073832800005,0.2,0.3325104956751385
280,40,0.33071689147100003,0.00339411027659,0.33165354024,0.0047264448879600005,-196.9697,40.000073832800005,0.2,0.32887076459158626
281,41,0.331871690776,0.00339411027659,0.324488038302,0.0047264448879600005,-186.8687,40.000073832800005,0.2,0.3246413918933086
282,42,0.326248999505,0.00339411027659,0.32795837180599996,0.0047264448879600005,-176.7677,40.000073832800005,0.2,0.3196997350685393
283,43,0.319708962291,0.00339411027659,0.311592844688,0.0047264448879600005,-166.6667,40.000073832800005,0.2,0.3138982046245357
284,44,0.30362125633299997,0.00339411027659,0.300937390882,0.0047264448879600005,-156.5657,40.000073832800005,0.2,0.3070648756179108
285,45,0.304298890626,0.00339411027659,0.305708746601,0.0047264448879600005,-146.4646,40.000073832800005,0.2,0.29901122444546124
286,46,0.289715796387,0.00339411027659,0.286927902368,0.0047264448879600005,-136.3636,40.000073832800005,0.2,0.2895523237097921
287,47,0.281283462451,0.00339411027659,0.275109319457,0.0047264448879600005,-126.2626,40.000073832800005,0.2,0.2785430337128231
288,48,0.264920430541,0.00339411027659,0.27145550484299996,0.0047264448879600005,-116.1616,40.000073832800005,0.2,0.2659107169180934
289,49,0.251972706561,0.00339411027659,0.249894498361,0.0047264448879600005,-106.0606,40.000073832800005,0.2,0.25159327814515087
290,50,0.229094071366,0.00339411027659,0.229546019744,0.0047264448879600005,-95.95959,40.000073832800005,0.2,0.23512749185885776
291,51,0.19757304449000002,0.00339411027659,0.195420509067,0.0047264448879600005,-85.85859,40.000073832800005,0.2,0.21456987204628902
292,52,0.188704046629,0.00339411027659,0.18811273869800002,0.0047264448879600005,-75.75758,40.000073832800005,0.2,0.18575190757380794
293,53,0.154566738315,0.00339411027659,0.148303547763,0.0047264448879600005,-65.65656,40.000073832800005,0.2,0.1478751796449053
294,54,0.101777013004,0.00339411027659,0.0967828986572,0.0047264448879600005,-55.55556,40.000073832800005,0.2,0.11611857368911593
295,55,0.0746694570707,0.00339411027659,0.0678156489064,0.0047264448879600005,-45.45454,40.000073832800005,0.2,0.08410004068033147
296,56,0.0198739542464,0.00339411027659,0.0198139134573,0.0047264448879600005,-35.35353,40.000073832800005,0.2,0.04371554262362134
297,57,0.0151037849637,0.00339411027659,0.010172438370799999,0.0047264448879600005,-25.25253,40.000073832800005,0.2,0.013724468756127301
298,58,-0.0146451675242,0.00339411027659,-0.018828789259,0.0047264448879600005,-15.151520000000001,40.000073832800005,0.2,0.000332485831902737
299,59,0.0405009769869,0.00339411027659,0.0285466969307,0.0047264448879600005,-5.050505,40.000073832800005,0.2,0.005119126016502946
300,60,0.04511188147919999,0.00339411027659,0.044289785550100005,0.0047264448879600005,5.050505,40.000073832800005,0.2,0.005140989022942959
301,61,-0.0314992547652,0.00339411027659,-0.0293018769553,0.0047264448879600005,15.151520000000001,40.000073832800005,0.2,-0.0016113502380548882
302,62,-0.010833256206,0.00339411027659,-0.0108226672,0.0047264448879600005,25.25253,40.000073832800005,0.2,0.008250648225954657
303,63,0.029509666580500003,0.00339411027659,0.0395391349684,0.0047264448879600005,35.35353,40.000073832800005,0.2,0.027260689150542337
304,64,0.0643654841879,0.00339411027659,0.0588684606979,0.0047264448879600005,45.45454,40.000073832800005,0.2,0.06307937546712382
305,65,0.0910779138756,0.00339411027659,0.0787250405705,0.0047264448879600005,55.55556,40.000073832800005,0.2,0.08062661199766596
306,66,0.110155888466,0.00339411027659,0.105759697894,0.0047264448879600005,65.65656,40.000073832800005,0.2,0.10907149544627973
307,67,0.139244369645,0.00339411027659,0.136431840014,0.0047264448879600005,75.75758,40.000073832800005,0.2,0.14096911757748656
308,68,0.163951810369,0.00339411027659,0.150706303479,0.0047264448879600005,85.85859,40.000073832800005,0.2,0.16246584270548725
309,69,0.180552850958,0.00339411027659,0.180356851001,0.0047264448879600005,95.95959,40.000073832800005,0.2,0.17798567336146898
310,70,0.189164441081,0.00339411027659,0.182861650444,0.0047264448879600005,106.0606,40.000073832800005,0.2,0.19141423974575314
311,71,0.197243371556,0.00339411027659,0.201770649176,0.0047264448879600005,116.1616,40.000073832800005,0.2,0.2034057153519003
312,72,0.212690538368,0.00339411027659,0.207315024929,0.0047264448879600005,126.2626,40.000073832800005,0.2,0.21356060138941554
313,73,0.22448187113499998,0.00339411027659,0.21794676733100002,0.0047264448879600005,136.3636,40.000073832800005,0.2,0.2214956991013006
314,74,0.23019411645799998,0.00339411027659,0.22341577469,0.0047264448879600005,146.4646,40.000073832800005,0.2,0.22705747071676713
315,75,0.232552842073,0.00339411027659,0.23153142650400002,0.0047264448879600005,156.5657,40.000073832800005,0.2,0.23022065095689917
316,76,0.23462376562399997,0.00339411027659,0.229614048895,0.0047264448879600005,166.6667,40.000073832800005,0.2,0.2310109204360487
317,77,0.225612606723,0.00339411027659,0.22005482415600003,0.0047264448879600005,176.7677,40.000073832800005,0.2,0.229498265895156
318,78,0.223390007708,0.00339411027659,0.21953402008,0.0047264448879600005,186.8687,40.000073832800005,0.2,0.22588262631156844
319,79,0.230333760063,0.00339411027659,0.22171730415999996,0.0047264448879600005,196.9697,40.000073832800005,0.2,0.2206754861043954
320,80,0.22413194765799999,0.00339411027659,0.217773165972,0.0047264448879600005,207.0707,40.000073832800005,0.2,0.21492673349747685
321,81,0.226072334795,0.00339411027659,0.21356608523899998,0.0047264448879600005,217.1717,40.000073832800005,0.2,0.2102914678824435
322,82,0.21778079211800003,0.00339411027659,0.208971859361,0.0047264448879600005,227.2727,40.000073832800005,0.2,0.20861250567913694
323,83,0.21821741902199998,0.00339411027659,0.20717741409600002,0.0047264448879600005,237.3737,40.000073832800005,0.2,0.2110067525485061
324,84,0.21445396462699998,0.00339411027659,0.208189241853,0.0047264448879600005,247.4747,40.000073832800005,0.2,0.2171624275019735
325,85,0.22595782852,0.00339411027659,0.223364964536,0.0047264448879600005,257.5757,40.000073832800005,0.2,0.22559806220186682
326,86,0.240460883131,0.00339411027659,0.23359474216499998,0.0047264448879600005,267.6768,40.000073832800005,0.2,0.23460472314890715
327,87,0.230016304094,0.00339411027659,0.224912839415,0.0047264448879600005,277.7778,40.000073832800005,0.2,0.24297753498728752
328,88,0.244624646726,0.00339411027659,0.23899289758699999,0.0047264448879600005,287.8788,40.000073832800005,0.2,0.2501724593124461
329,89,0.256675534455,0.00339411027659,0.250468229681,0.0047264448879600005,297.9798,40.000073832800005,0.2,0.25612848569822844
330,90,0.26225913144,0.00339411027659,0.25944341993000003,0.0047264448879600005,308.0808,40.000073832800005,0.2,0.26104792426840245
331,91,0.267748065462,0.00339411027659,0.264716384779,0.0047264448879600005,318.1818,40.000073832800005,0.2,0.26524607004839895
332,92,0.27030703823,0.00339411027659,0.26421054147,0.0047264448879600005,328.2828,40.000073832800005,0.2,0.26906749097002053
333,93,0.26640464363099997,0.00339411027659,0.26292462116099996,0.0047264448879600005,338.3839,40.000073832800005,0.2,0.2728385807908578
334,94,0.279732796478,0.00339411027659,0.286330600782,0.0047264448879600005,348.4849,40.000073832800005,0.2,0.27683357794880326
335,95,0.27779992462499997,0.00339411027659,0.272795904927,0.0047264448879600005,358.5858,40.000073832800005,0.2,0.2812453698456909
336,96,0.28936961204100003,0.00339411027659,0.288815076163,0.0047264448879600005,368.6869,40.000073832800005,0.2,0.2861635522534679
337,97,0.290624812581,0.00339411027659,0.287168262623,0.0047264448879600005,378.7879,40.000073832800005,0.2,0.29156739569002815
338,98,0.301559810185,0.00339411027659,0.307624712817,0.0047264448879600005,388.8889,40.000073832800005,0.2,0.2973401261827704
339,99,0.300643500834,0.00339411027659,0.301328770205,0.0047264448879600005,398.9899,40.000073832800005,0.2,0.30330188123740265
340,100,0.313247891093,0.00339411027659,0.306618107215,0.0047264448879600005,409.0909,40.000073832800005,0.2,0.30925154999005766
341,101,0.315147851184,0.00339411027659,0.311572097209,0.0047264448879600005,419.1919,40.000073832800005,0.2,0.31500448022822525
342,102,0.32493719369699997,0.00339411027659,0.32950723466,0.0047264448879600005,429.2929,40.000073832800005,0.2,0.32041702595112476
343,103,0.33026675186500004,0.00339411027659,0.322141032615,0.0047264448879600005,439.394,40.000073832800005,0.2,0.3253957846229828
344,104,0.330784195839,0.00339411027659,0.32528745138799997,0.0047264448879600005,449.495,40.000073832800005,0.2,0.32989469021606904
345,105,0.33207408515299996,0.00339411027659,0.33334453038600004,0.0047264448879600005,459.5959,40.000073832800005,0.2,0.3339056521006605
346,106,0.334810203905,0.00339411027659,0.335405870097,0.0047264448879600005,469.69699999999995,40.000073832800005,0.2,0.337447101126483
347,107,0.338821403529,0.00339411027659,0.335151254771,0.0047264448879600005,479.798,40.000073832800005,0.2,0.34055349258129347
348,108,0.34548394357699996,0.00339411027659,0.34158029175800003,0.0047264448879600005,489.899,40.000073832800005,0.2,0.34326732070363364
349,109,0.35276588372,0.00339411027659,0.34549719005699997,0.0047264448879600005,500.0,40.000073832800005,0.2,0.3456334152009004
350,110,0.34679201025300005,0.00339411027659,0.339741387608,0.0047264448879600005,500.0,40.000073832800005,0.2,0.3456334152009004
351,111,0.357489147263,0.00339411027659,0.35537044977399995,0.0047264448879600005,555.5555,40.000073832800005,0.2,0.3541967762422606
352,112,0.356964669279,0.00339411027659,0.352072165097,0.0047264448879600005,611.1111,40.000073832800005,0.2,0.35848882735799004
353,113,0.358549949984,0.00339411027659,0.35702460255900004,0.0047264448879600005,666.6667,40.000073832800005,0.2,0.36088247404311746
354,114,0.360055005957,0.00339411027659,0.35667556503,0.0047264448879600005,722.2222,40.000073832800005,0.2,0.36236063739966357
355,115,0.360218454132,0.00339411027659,0.357542019291,0.0047264448879600005,777.7778,40.000073832800005,0.2,0.36334766492418796
356,116,0.367624229868,0.00339411027659,0.36584044652,0.0047264448879600005,833.3333,40.000073832800005,0.2,0.3640396681238303
357,117,0.360725199007,0.00339411027659,0.361540919534,0.0047264448879600005,888.8889,40.000073832800005,0.2,0.364535910541193
358,118,0.365292085406,0.00339411027659,0.36407055949600003,0.0047264448879600005,944.4445,40.000073832800005,0.2,0.3648942683667898
359,119,0.35783344353299995,0.00339411027659,0.361862717175,0.0047264448879600005,1000.0,40.000073832800005,0.2,0.36515515945422394
360,0,0.36446448667,0.0027689954406500002,0.364987122228,0.00271368476335,-1000.0,70.0000632743,0.2,0.36248384368211506
361,1,0.360476975952,0.0027689954406500002,0.364217110165,0.00271368476335,-944.4445,70.0000632743,0.2,0.36195056016652655
362,2,0.353004166202,0.0027689954406500002,0.34907288422300004,0.00271368476335,-888.8889,70.0000632743,0.2,0.36135217733955405
363,3,0.35456711787,0.0027689954406500002,0.352261349275,0.00271368476335,-833.3333,70.0000632743,0.2,0.3606585740107144
364,4,0.353765360694,0.0027689954406500002,0.344286816175,0.00271368476335,-777.7778,70.0000632743,0.2,0.3598220361799999
365,5,0.361955047809,0.0027689954406500002,0.35106764098899995,0.00271368476335,-722.2222,70.0000632743,0.2,0.3587761297608172
366,6,0.356713148935,0.0027689954406500002,0.352304041901,0.00271368476335,-666.6667,70.0000632743,0.2,0.35743237648680526
367,7,0.35488746002,0.0027689954406500002,0.348396964461,0.00271368476335,-611.1111,70.0000632743,0.2,0.3556719095739541
368,8,0.35170159605499995,0.0027689954406500002,0.34603693296,0.00271368476335,-555.5555,70.0000632743,0.2,0.3533263558993508
369,9,0.349277883595,0.0027689954406500002,0.34587669517700004,0.00271368476335,-500.0,70.0000632743,0.2,0.3501392395778811
370,10,0.34210767442100004,0.0027689954406500002,0.343766780671,0.00271368476335,-500.0,70.0000632743,0.2,0.3501392395778811
371,11,0.34698215340000005,0.0027689954406500002,0.35358046715,0.00271368476335,-489.899,70.0000632743,0.2,0.349440172568814
372,12,0.346671970326,0.0027689954406500002,0.34509488646700004,0.00271368476335,-479.798,70.0000632743,0.2,0.3486966792806599
373,13,0.339171333543,0.0027689954406500002,0.34291840517,0.00271368476335,-469.69699999999995,70.0000632743,0.2,0.34790495691156353
374,14,0.347587428169,0.0027689954406500002,0.35151212178,0.00271368476335,-459.5959,70.0000632743,0.2,0.3470607494417269
375,15,0.35156201919200003,0.0027689954406500002,0.35063916993199995,0.00271368476335,-449.495,70.0000632743,0.2,0.3461592521319543
376,16,0.33881705419200003,0.0027689954406500002,0.33057827021200004,0.00271368476335,-439.394,70.0000632743,0.2,0.345195070762577
377,17,0.352127541057,0.0027689954406500002,0.349550788847,0.00271368476335,-429.2929,70.0000632743,0.2,0.3441620845665763
378,18,0.35038857236500004,0.0027689954406500002,0.35142743871,0.00271368476335,-419.1919,70.0000632743,0.2,0.3430533092455656
379,19,0.335528568841,0.0027689954406500002,0.331558655806,0.00271368476335,-409.0909,70.0000632743,0.2,0.3418608051356487
380,20,0.335923558111,0.0027689954406500002,0.33583381670699997,0.00271368476335,-398.9899,70.0000632743,0.2,0.34057547863966237
381,21,0.33605621502300004,0.0027689954406500002,0.333804793492,0.00271368476335,-388.8889,70.0000632743,0.2,0.3391869016844073
382,22,0.33998037875200005,0.0027689954406500002,0.337646989376,0.00271368476335,-378.7879,70.0000632743,0.2,0.3376831009482109
383,23,0.33852902968099996,0.0027689954406500002,0.34210036390299997,0.00271368476335,-368.6869,70.0000632743,0.2,0.3360503306991396
384,24,0.33924200537199994,0.0027689954406500002,0.334814249394,0.00271368476335,-358.5858,70.0000632743,0.2,0.33427289541386207
385,25,0.333490312315,0.0027689954406500002,0.332132478401,0.00271368476335,-348.4849,70.0000632743,0.2,0.3323326742605379
386,26,0.325488752137,0.0027689954406500002,0.3307036798,0.00271368476335,-338.3839,70.0000632743,0.2,0.3302095049985003
387,27,0.322666664049,0.0027689954406500002,0.316552197844,0.00271368476335,-328.2828,70.0000632743,0.2,0.3278807134732652
388,28,0.322448096695,0.0027689954406500002,0.32174651412599997,0.00271368476335,-318.1818,70.0000632743,0.2,0.32532125929359146
389,29,0.328417731366,0.0027689954406500002,0.329452252207,0.00271368476335,-308.0808,70.0000632743,0.2,0.322504701447625
390,30,0.319928977266,0.0027689954406500002,0.323916394919,0.00271368476335,-297.9798,70.0000632743,0.2,0.31940396032016294
391,31,0.323670130404,0.0027689954406500002,0.319850764931,0.00271368476335,-287.8788,70.0000632743,0.2,0.3159931202544351
392,32,0.315551888091,0.0027689954406500002,0.321244735337,0.00271368476335,-277.7778,70.0000632743,0.2,0.3122499029185763
393,33,0.318831686696,0.0027689954406500002,0.315152188678,0.00271368476335,-267.6768,70.0000632743,0.2,0.308158714311369
394,34,0.307637637068,0.0027689954406500002,0.308074341156,0.00271368476335,-257.5757,70.0000632743,0.2,0.3037135615336486
395,35,0.300819388326,0.0027689954406500002,0.284909799891,0.00271368476335,-247.4747,70.0000632743,0.2,0.2989189859255297
396,36,0.295813908805,0.0027689954406500002,0.28867152579300004,0.00271368476335,-237.3737,70.0000632743,0.2,0.2937861678602422
397,37,0.28789811183499997,0.0027689954406500002,0.277320623913,0.00271368476335,-227.2727,70.0000632743,0.2,0.2883183405643687
398,38,0.274708540053,0.0027689954406500002,0.285455675669,0.00271368476335,-217.1717,70.0000632743,0.2,0.28248019021742227
399,39,0.278564277255,0.0027689954406500002,0.278615025005,0.00271368476335,-207.0707,70.0000632743,0.2,0.2761484515393344
400,40,0.272923855521,0.0027689954406500002,0.268528611292,0.00271368476335,-196.9697,70.0000632743,0.2,0.26905500077122907
401,41,0.256263119072,0.0027689954406500002,0.260778214477,0.00271368476335,-186.8687,70.0000632743,0.2,0.2607639245521884
402,42,0.25361575972,0.0027689954406500002,0.251238238287,0.00271368476335,-176.7677,70.0000632743,0.2,0.2507645754528994
403,43,0.238351086359,0.0027689954406500002,0.236502681888,0.00271368476335,-166.6667,70.0000632743,0.2,0.23876487891659348
404,44,0.222997741937,0.0027689954406500002,0.224443559904,0.00271368476335,-156.5657,70.0000632743,0.2,0.22511374430999972
405,45,0.21216242545699998,0.0027689954406500002,0.20822218777899998,0.00271368476335,-146.4646,70.0000632743,0.2,0.21087102530525262
406,46,0.18850462581500002,0.0027689954406500002,0.19228000295699998,0.00271368476335,-136.3636,70.0000632743,0.2,0.1967554227079174
407,47,0.177491341474,0.0027689954406500002,0.18271053515000002,0.00271368476335,-126.2626,70.0000632743,0.2,0.18139940872839572
408,48,0.15731935617999998,0.0027689954406500002,0.157582554407,0.00271368476335,-116.1616,70.0000632743,0.2,0.16236660773849637
409,49,0.140724984995,0.0027689954406500002,0.13414970965,0.00271368476335,-106.0606,70.0000632743,0.2,0.1411368810334259
410,50,0.106707468196,0.0027689954406500002,0.106199788475,0.00271368476335,-95.95959,70.0000632743,0.2,0.12093301376638578
411,51,0.092783755982,0.0027689954406500002,0.0953906475905,0.00271368476335,-85.85859,70.0000632743,0.2,0.09919508428895706
412,52,0.0782844732519,0.0027689954406500002,0.0682605933535,0.00271368476335,-75.75758,70.0000632743,0.2,0.07714821788443134
413,53,0.0590545949694,0.0027689954406500002,0.0592004457634,0.00271368476335,-65.65656,70.0000632743,0.2,0.05677435108562046
414,54,0.0354533327902,0.0027689954406500002,0.034358014087000004,0.00271368476335,-55.55556,70.0000632743,0.2,0.038256513805231776
415,55,0.00476029612478,0.0027689954406500002,0.00613926278355,0.00271368476335,-45.45454,70.0000632743,0.2,0.02329138105744525
416,56,-0.0137245244007,0.0027689954406500002,-0.013577951468299999,0.00271368476335,-35.35353,70.0000632743,0.2,0.012238173691710028
417,57,-0.0104748128546,0.0027689954406500002,-0.00700137154742,0.00271368476335,-25.25253,70.0000632743,0.2,0.006214998117267811
418,58,0.0158889632688,0.0027689954406500002,0.0102839850739,0.00271368476335,-15.151520000000001,70.0000632743,0.2,0.0012448334608498104
419,59,0.0376057316816,0.0027689954406500002,0.03717353658269999,0.00271368476335,-5.050505,70.0000632743,0.2,0.001610625608564956
420,60,0.039654404940699994,0.0027689954406500002,0.0274418789287,0.00271368476335,5.050505,70.0000632743,0.2,0.001598801098911715
421,61,-0.012909457362999999,0.0027689954406500002,-0.0100773724262,0.00271368476335,15.151520000000001,70.0000632743,0.2,0.0009879559506701537
422,62,0.0250605176613,0.0027689954406500002,0.0251493551424,0.00271368476335,25.25253,70.0000632743,0.2,0.004296494288166925
423,63,0.011189201982499999,0.0027689954406500002,0.013955254570500002,0.00271368476335,35.35353,70.0000632743,0.2,0.00733132452589945
424,64,0.021371742654400002,0.0027689954406500002,0.017188697146,0.00271368476335,45.45454,70.0000632743,0.2,0.01361804861165889
425,65,0.040075748912800004,0.0027689954406500002,0.0331223153559,0.00271368476335,55.55556,70.0000632743,0.2,0.02181402725908989
426,66,0.0322111227643,0.0027689954406500002,0.0284162398067,0.00271368476335,65.65656,70.0000632743,0.2,0.031939525400195734
427,67,0.043618100724,0.0027689954406500002,0.046701393123099996,0.00271368476335,75.75758,70.0000632743,0.2,0.04306174809745237
428,68,0.05282800194540001,0.0027689954406500002,0.0537552400868,0.00271368476335,85.85859,70.0000632743,0.2,0.05549750585652081
429,69,0.0748994398767,0.0027689954406500002,0.06903063350380001,0.00271368476335,95.95959,70.0000632743,0.2,0.06719991444085478
430,70,0.0765625835854,0.0027689954406500002,0.070117947273,0.00271368476335,106.0606,70.0000632743,0.2,0.07858457562612173
431,71,0.0966718476315,0.0027689954406500002,0.0869179730009,0.00271368476335,116.1616,70.0000632743,0.2,0.09120842991131985
432,72,0.105480060483,0.0027689954406500002,0.10062536738700001,0.00271368476335,126.2626,70.0000632743,0.2,0.10092783141459312
433,73,0.11681526972799999,0.0027689954406500002,0.115116255718,0.00271368476335,136.3636,70.0000632743,0.2,0.10796581722251386
434,74,0.124775972756,0.0027689954406500002,0.11702652602399999,0.00271368476335,146.4646,70.0000632743,0.2,0.11508270376891373
435,75,0.125399430797,0.0027689954406500002,0.11970581129499999,0.00271368476335,156.5657,70.0000632743,0.2,0.12252168831270123
436,76,0.135890185303,0.0027689954406500002,0.133015026728,0.00271368476335,166.6667,70.0000632743,0.2,0.12886209379887648
437,77,0.13307133634,0.0027689954406500002,0.12937307892000002,0.00271368476335,176.7677,70.0000632743,0.2,0.1332064153167375
438,78,0.142330450184,0.0027689954406500002,0.140381274172,0.00271368476335,186.8687,70.0000632743,0.2,0.13573199178066037
439,79,0.133364109115,0.0027689954406500002,0.127920995985,0.00271368476335,196.9697,70.0000632743,0.2,0.1371946207290206
440,80,0.139096146569,0.0027689954406500002,0.138746301084,0.00271368476335,207.0707,70.0000632743,0.2,0.13838444750283904
441,81,0.1497209567,0.0027689954406500002,0.14822795409199999,0.00271368476335,217.1717,70.0000632743,0.2,0.13987013984940252
442,82,0.154372009637,0.0027689954406500002,0.142558822785,0.00271368476335,227.2727,70.0000632743,0.2,0.14196193669980783
443,83,0.156665899419,0.0027689954406500002,0.149799014634,0.00271368476335,237.3737,70.0000632743,0.2,0.14475617185968503
444,84,0.148920635045,0.0027689954406500002,0.145546183099,0.00271368476335,247.4747,70.0000632743,0.2,0.14819172799128918
445,85,0.148698460483,0.0027689954406500002,0.142044264295,0.00271368476335,257.5757,70.0000632743,0.2,0.15210715909034223
446,86,0.158162706672,0.0027689954406500002,0.154510932332,0.00271368476335,267.6768,70.0000632743,0.2,0.15630057305562228
447,87,0.16273200849799999,0.0027689954406500002,0.157761189342,0.00271368476335,277.7778,70.0000632743,0.2,0.1605872716940595
448,88,0.162731603608,0.0027689954406500002,0.157626370523,0.00271368476335,287.8788,70.0000632743,0.2,0.16484288723405108
449,89,0.168977741809,0.0027689954406500002,0.164847603476,0.00271368476335,297.9798,70.0000632743,0.2,0.16902698154948395
450,90,0.17360796127999997,0.0027689954406500002,0.165673368738,0.00271368476335,308.0808,70.0000632743,0.2,0.17318581834339158
451,91,0.17625325937,0.0027689954406500002,0.179190078758,0.00271368476335,318.1818,70.0000632743,0.2,0.17743958276370916
452,92,0.176483016431,0.0027689954406500002,0.178651646103,0.00271368476335,328.2828,70.0000632743,0.2,0.18195925377818764
453,93,0.178443129054,0.0027689954406500002,0.17512107829999998,0.00271368476335,338.3839,70.0000632743,0.2,0.18693707871756413
454,94,0.190283715493,0.0027689954406500002,0.19431618842099999,0.00271368476335,348.4849,70.0000632743,0.2,0.19255369343164747
455,95,0.198063469192,0.0027689954406500002,0.19636501315000002,0.00271368476335,358.5858,70.0000632743,0.2,0.19894530857775655
456,96,0.207067612328,0.0027689954406500002,0.197551278314,0.00271368476335,368.6869,70.0000632743,0.2,0.20617642771919098
457,97,0.21566914688799999,0.0027689954406500002,0.211289596767,0.00271368476335,378.7879,70.0000632743,0.2,0.21422279265802144
458,98,0.225426607551,0.0027689954406500002,0.230159456489,0.00271368476335,388.8889,70.0000632743,0.2,0.22297085957064694
459,99,0.23126174489700002,0.0027689954406500002,0.230942107816,0.00271368476335,398.9899,70.0000632743,0.2,0.23223316464273175
460,100,0.23555921784000003,0.0027689954406500002,0.232198169806,0.00271368476335,409.0909,70.0000632743,0.2,0.2417766167462098
461,101,0.25655475079100004,0.0027689954406500002,0.264134641307,0.00271368476335,419.1919,70.0000632743,0.2,0.2513558405912422
462,102,0.27131820629000003,0.0027689954406500002,0.267324229849,0.00271368476335,429.2929,70.0000632743,0.2,0.26074342277986795
463,103,0.270386810477,0.0027689954406500002,0.275218854711,0.00271368476335,439.394,70.0000632743,0.2,0.26975136450142345
464,104,0.284027945801,0.0027689954406500002,0.283196617845,0.00271368476335,449.495,70.0000632743,0.2,0.278241065191721
465,105,0.279804199772,0.0027689954406500002,0.28878724527800004,0.00271368476335,459.5959,70.0000632743,0.2,0.2861246885993077
466,106,0.296008403568,0.0027689954406500002,0.296431893582,0.00271368476335,469.69699999999995,70.0000632743,0.2,0.29335942581220914
467,107,0.296220014164,0.0027689954406500002,0.294696943915,0.00271368476335,479.798,70.0000632743,0.2,0.299937541001964
468,108,0.309995794045,0.0027689954406500002,0.310233127483,0.00271368476335,489.899,70.0000632743,0.2,0.30587759148324956
469,109,0.314118170169,0.0027689954406500002,0.314068863299,0.00271368476335,500.0,70.0000632743,0.2,0.3112150753100875
470,110,0.31227054354,0.0027689954406500002,0.312546815015,0.00271368476335,500.0,70.0000632743,0.2,0.3112150753100875
471,111,0.326626310926,0.0027689954406500002,0.327827123702,0.00271368476335,555.5555,70.0000632743,0.2,0.33193688536721117
472,112,0.33895482745,0.0027689954406500002,0.33782815216300005,0.00271368476335,611.1111,70.0000632743,0.2,0.34324753284657455
473,113,0.34488769068499997,0.0027689954406500002,0.34061187988799996,0.00271368476335,666.6667,70.0000632743,0.2,0.34978495140833277
474,114,0.35673519707400003,0.0027689954406500002,0.35144344844400005,0.00271368476335,722.2222,70.0000632743,0.2,0.3538264493801304
475,115,0.35355676837399996,0.0027689954406500002,0.350263081603,0.00271368476335,777.7778,70.0000632743,0.2,0.356476920713084
476,116,0.358750374831,0.0027689954406500002,0.363098675719,0.00271368476335,833.3333,70.0000632743,0.2,0.35830551789203213
477,117,0.36093858814400004,0.0027689954406500002,0.35970180324400003,0.00271368476335,888.8889,70.0000632743,0.2,0.35962869704971345
478,118,0.35764892492899997,0.0027689954406500002,0.357774877197,0.00271368476335,944.4445,70.0000632743,0.2,0.36063462377442784
479,119,0.35897869636999996,0.0027689954406500002,0.350500980643,0.00271368476335,1000.0,70.0000632743,0.2,0.3614389218456943
480,0,0.35611352517300005,0.0020521535265300003,0.354567689944,0.00537549991503,-1000.0,100.000063685,0.2,0.35849390595070557
481,1,0.36050347836400004,0.0020521535265300003,0.358262241626,0.00537549991503,-944.4445,100.000063685,0.2,0.3574909404042376
482,2,0.349925888265,0.0020521535265300003,0.34884546657300003,0.00537549991503,-888.8889,100.000063685,0.2,0.356267742821354
483,3,0.350793637478,0.0020521535265300003,0.348978911991,0.00537549991503,-833.3333,100.000063685,0.2,0.35477751290750814
484,4,0.347571126476,0.0020521535265300003,0.345602253844,0.00537549991503,-777.7778,100.000063685,0.2,0.3529588478299908
485,5,0.34994853757,0.0020521535265300003,0.351616380334,0.00537549991503,-722.2222,100.000063685,0.2,0.350725996282054
486,6,0.34458499251999997,0.0020521535265300003,0.342265559456,0.00537549991503,-666.6667,100.000063685,0.2,0.3479545859960362
487,7,0.338666521264,0.0020521535265300003,0.328870713607,0.00537549991503,-611.1111,100.000063685,0.2,0.34445517086804645
488,8,0.336264564305,0.0020521535265300003,0.332934021791,0.00537549991503,-555.5555,100.000063685,0.2,0.3399165120650509
489,9,0.32865487200800003,0.0020521535265300003,0.33464184367600003,0.00537549991503,-500.0,100.000063685,0.2,0.333776322325862
490,10,0.325336402357,0.0020521535265300003,0.325632810749,0.00537549991503,-500.0,100.000063685,0.2,0.333776322325862
491,11,0.332765775551,0.0020521535265300003,0.336394519991,0.00537549991503,-489.899,100.000063685,0.2,0.3324169200925464
492,12,0.327045531303,0.0020521535265300003,0.32397710943,0.00537549991503,-479.798,100.000063685,0.2,0.3309638769966554
493,13,0.329417726856,0.0020521535265300003,0.322810894288,0.00537549991503,-469.69699999999995,100.000063685,0.2,0.3294082843299515
494,14,0.326234204754,0.0020521535265300003,0.327271464591,0.00537549991503,-459.5959,100.000063685,0.2,0.3277408608218231
495,15,0.330281719421,0.0020521535265300003,0.330208241924,0.00537549991503,-449.495,100.000063685,0.2,0.32595200231269117
496,16,0.32585653397799996,0.0020521535265300003,0.31347991555599997,0.00537549991503,-439.394,100.000063685,0.2,0.3240326271849606
497,17,0.32394016936299996,0.0020521535265300003,0.320647401713,0.00537549991503,-429.2929,100.000063685,0.2,0.3219743239718264
498,18,0.318241188472,0.0020521535265300003,0.319264460034,0.00537549991503,-419.1919,100.000063685,0.2,0.31976996066534286
499,19,0.31389817514400004,0.0020521535265300003,0.30874393067899997,0.00537549991503,-409.0909,100.000063685,0.2,0.3174147387024964
500,20,0.30720773096299997,0.0020521535265300003,0.308833080602,0.00537549991503,-398.9899,100.000063685,0.2,0.31490659459702136
501,21,0.311120881638,0.0020521535265300003,0.306781933698,0.00537549991503,-388.8889,100.000063685,0.2,0.31224664502168664
502,22,0.309637224516,0.0020521535265300003,0.30022144952700003,0.00537549991503,-378.7879,100.000063685,0.2,0.3094389761599033
503,23,0.306242746569,0.0020521535265300003,0.30386555744399996,0.00537549991503,-368.6869,100.000063685,0.2,0.30648940326506646
504,24,0.301039460852,0.0020521535265300003,0.296572031741,0.00537549991503,-358.5858,100.000063685,0.2,0.30340267052589165
505,25,0.299214969987,0.0020521535265300003,0.297123000624,0.00537549991503,-348.4849,100.000063685,0.2,0.30017797081433384
506,26,0.298927276401,0.0020521535265300003,0.291813968983,0.00537549991503,-338.3839,100.000063685,0.2,0.29680195054243197
507,27,0.289912488338,0.0020521535265300003,0.286439402366,0.00537549991503,-328.2828,100.000063685,0.2,0.29324128054536025
508,28,0.286275104803,0.0020521535265300003,0.28954497767299997,0.00537549991503,-318.1818,100.000063685,0.2,0.2894363099418434
509,29,0.289976752549,0.0020521535265300003,0.289550427277,0.00537549991503,-308.0808,100.000063685,0.2,0.2852987394788909
510,30,0.27583125866700003,0.0020521535265300003,0.274686983161,0.00537549991503,-297.9798,100.000063685,0.2,0.2807203408329433
511,31,0.27687739395100003,0.0020521535265300003,0.280894640441,0.00537549991503,-287.8788,100.000063685,0.2,0.2755951943423273
512,32,0.27125795917,0.0020521535265300003,0.270298375571,0.00537549991503,-277.7778,100.000063685,0.2,0.26985472697536056
513,33,0.260883738674,0.0020521535265300003,0.265114545075,0.00537549991503,-267.6768,100.000063685,0.2,0.26350294592676515
514,34,0.261263306011,0.0020521535265300003,0.253313778107,0.00537549991503,-257.5757,100.000063685,0.2,0.2566258413498974
515,35,0.253566371946,0.0020521535265300003,0.252020545285,0.00537549991503,-247.4747,100.000063685,0.2,0.24934575503135392
516,36,0.236178234346,0.0020521535265300003,0.23838899101799998,0.00537549991503,-237.3737,100.000063685,0.2,0.24171853700777732
517,37,0.23506688656999997,0.0020521535265300003,0.23745641015900001,0.00537549991503,-227.2727,100.000063685,0.2,0.2336359665341445
518,38,0.219511190799,0.0020521535265300003,0.224411875999,0.00537549991503,-217.1717,100.000063685,0.2,0.2248493911672978
519,39,0.22121652662500002,0.0020521535265300003,0.213804432456,0.00537549991503,-207.0707,100.000063685,0.2,0.2151585462847639
520,40,0.206651090559,0.0020521535265300003,0.20327272442699998,0.00537549991503,-196.9697,100.000063685,0.2,0.20457707148016807
521,41,0.193765204394,0.0020521535265300003,0.186022353994,0.00537549991503,-186.8687,100.000063685,0.2,0.19320609792025153
522,42,0.185587164081,0.0020521535265300003,0.187367427916,0.00537549991503,-176.7677,100.000063685,0.2,0.18102471472781526
523,43,0.157968105694,0.0020521535265300003,0.161197034745,0.00537549991503,-166.6667,100.000063685,0.2,0.1680861239398705
524,44,0.15904360118799998,0.0020521535265300003,0.162598700703,0.00537549991503,-156.5657,100.000063685,0.2,0.15448353848629717
525,45,0.13775110274,0.0020521535265300003,0.130766756413,0.00537549991503,-146.4646,100.000063685,0.2,0.13993900893198893
526,46,0.11233723319599999,0.0020521535265300003,0.115423132365,0.00537549991503,-136.3636,100.000063685,0.2,0.12494144085655662
527,47,0.10613059421399999,0.0020521535265300003,0.100745058607,0.00537549991503,-126.2626,100.000063685,0.2,0.10943773053558045
528,48,0.0834174992687,0.0020521535265300003,0.08788153512260001,0.00537549991503,-116.1616,100.000063685,0.2,0.09370321287256593
529,49,0.089732935153,0.0020521535265300003,0.07969072522210001,0.00537549991503,-106.0606,100.000063685,0.2,0.07836134295556081
530,50,0.0512597536077,0.0020521535265300003,0.050183050783000005,0.00537549991503,-95.95959,100.000063685,0.2,0.06339407776665477
531,51,0.04628420099740001,0.0020521535265300003,0.046516823065599996,0.00537549991503,-85.85859,100.000063685,0.2,0.04899406606788515
532,52,0.0460136858698,0.0020521535265300003,0.037088687685199996,0.00537549991503,-75.75758,100.000063685,0.2,0.03682744775777028
533,53,0.020068349109999998,0.0020521535265300003,0.019331993196700002,0.00537549991503,-65.65656,100.000063685,0.2,0.02585947566463979
534,54,0.0135475485866,0.0020521535265300003,0.015655718646200002,0.00537549991503,-55.55556,100.000063685,0.2,0.01682241876810168
535,55,0.0108704518117,0.0020521535265300003,0.0152143566589,0.00537549991503,-45.45454,100.000063685,0.2,0.009771327347758658
536,56,0.022970775467,0.0020521535265300003,0.015859561762500002,0.00537549991503,-35.35353,100.000063685,0.2,0.005495782020765545
537,57,-0.021840790340400002,0.0020521535265300003,-0.0153687900371,0.00537549991503,-25.25253,100.000063685,0.2,0.0032025359120240716
538,58,0.015668413447200002,0.0020521535265300003,0.012428714994700002,0.00537549991503,-15.151520000000001,100.000063685,0.2,0.0006418987312295238
539,59,0.0277464488735,0.0020521535265300003,0.0263631135066,0.00537549991503,-5.050505,100.000063685,0.2,-0.0007418904385978598
540,60,0.020082237765900002,0.0020521535265300003,0.0258006026423,0.00537549991503,5.050505,100.000063685,0.2,-0.0007674655289654725
541,61,-0.00744596444825,0.0020521535265300003,-0.0120523374327,0.00537549991503,15.151520000000001,100.000063685,0.2,0.0003439598039561427
542,62,-0.0140811348432,0.0020521535265300003,-0.00837967499124,0.00537549991503,25.25253,100.000063685,0.2,0.0025331862024223738
543,63,0.00545169497769,0.0020521535265300003,0.005283327678790001,0.00537549991503,35.35353,100.000063685,0.2,0.00315149056132391
544,64,0.029724648644,0.0020521535265300003,0.0293963348482,0.00537549991503,45.45454,100.000063685,0.2,0.00529563798410702
545,65,0.0295206407747,0.0020521535265300003,0.0258710003404,0.00537549991503,55.55556,100.000063685,0.2,0.008885578017504916
546,66,0.029886111563,0.0020521535265300003,0.024240101703599998,0.00537549991503,65.65656,100.000063685,0.2,0.013037765316917097
547,67,0.013437588217400001,0.0020521535265300003,0.00971851819972,0.00537549991503,75.75758,100.000063685,0.2,0.0179829996953182
548,68,0.015476915580500001,0.0020521535265300003,0.0110099023487,0.00537549991503,85.85859,100.000063685,0.2,0.022982882073203297
549,69,0.0406336918075,0.0020521535265300003,0.0415590533005,0.00537549991503,95.95959,100.000063685,0.2,0.029045667230228844
550,70,0.0201975376814,0.0020521535265300003,0.026611308011,0.00537549991503,106.0606,100.000063685,0.2,0.03570272715024865
551,71,0.046031119634300004,0.0020521535265300003,0.04445118580580001,0.00537549991503,116.1616,100.000063685,0.2,0.041663131877503735
552,72,0.037885867927900004,0.0020521535265300003,0.0425872537408,0.00537549991503,126.2626,100.000063685,0.2,0.04843116637592662
553,73,0.0642318967863,0.0020521535265300003,0.05665010918769999,0.00537549991503,136.3636,100.000063685,0.2,0.05457194477605681
554,74,0.0627715819427,0.0020521535265300003,0.06125228534009999,0.00537549991503,146.4646,100.000063685,0.2,0.060585768025632224
555,75,0.0743296571676,0.0020521535265300003,0.0751926364958,0.00537549991503,156.5657,100.000063685,0.2,0.06624144981931251
556,76,0.07901963158589999,0.0020521535265300003,0.0789717827917,0.00537549991503,166.6667,100.000063685,0.2,0.07131415106965014
557,77,0.0755738735709,0.0020521535265300003,0.06585303621159999,0.00537549991503,176.7677,100.000063685,0.2,0.07614921543659335
558,78,0.0757450381245,0.0020521535265300003,0.07733388351039999,0.00537549991503,186.8687,100.000063685,0.2,0.08059012222795106
559,79,0.0829866518638,0.0020521535265300003,0.0847584092971,0.00537549991503,196.9697,100.000063685,0.2,0.08465818308901359
560,80,0.0928829392014,0.0020521535265300003,0.0863245414927,0.00537549991503,207.0707,100.000063685,0.2,0.08838802509402896
561,81,0.09308871597769999,0.0020521535265300003,0.0864010175947,0.00537549991503,217.1717,100.000063685,0.2,0.09171701126341092
562,82,0.09511799886639999,0.0020521535265300003,0.100973089579,0.00537549991503,227.2727,100.000063685,0.2,0.09476201281886384
563,83,0.0989427406607,0.0020521535265300003,0.08959472277170001,0.00537549991503,237.3737,100.000063685,0.2,0.09780262625403634
564,84,0.10144915431700001,0.0020521535265300003,0.09414324129000001,0.00537549991503,247.4747,100.000063685,0.2,0.10102826236144745
565,85,0.096389605975,0.0020521535265300003,0.09266556035060002,0.00537549991503,257.5757,100.000063685,0.2,0.10441964023424517
566,86,0.0987095367068,0.0020521535265300003,0.102822587181,0.00537549991503,267.6768,100.000063685,0.2,0.10783373415605246
567,87,0.107469638625,0.0020521535265300003,0.1084209229,0.00537549991503,277.7778,100.000063685,0.2,0.11114855475342625
568,88,0.109535722075,0.0020521535265300003,0.11079233880799999,0.00537549991503,287.8788,100.000063685,0.2,0.11434893064351534
569,89,0.11902366542300001,0.0020521535265300003,0.11346202967800001,0.00537549991503,297.9798,100.000063685,0.2,0.11753248142936625
570,90,0.12158073911900001,0.0020521535265300003,0.127163534495,0.00537549991503,308.0808,100.000063685,0.2,0.120869301175558
571,91,0.119270400605,0.0020521535265300003,0.117049545559,0.00537549991503,318.1818,100.000063685,0.2,0.12455361065621709
572,92,0.12430569486,0.0020521535265300003,0.12612447676799998,0.00537549991503,328.2828,100.000063685,0.2,0.128767658646579
573,93,0.128167857244,0.0020521535265300003,0.12718375392200001,0.00537549991503,338.3839,100.000063685,0.2,0.13366140038116253
574,94,0.138510930387,0.0020521535265300003,0.143943170976,0.00537549991503,348.4849,100.000063685,0.2,0.13934265105180083
575,95,0.144468098764,0.0020521535265300003,0.139350119416,0.00537549991503,358.5858,100.000063685,0.2,0.14587308204938854
576,96,0.16413739703,0.0020521535265300003,0.16477630635399998,0.00537549991503,368.6869,100.000063685,0.2,0.15326508931104346
577,97,0.167035705663,0.0020521535265300003,0.170059207846,0.00537549991503,378.7879,100.000063685,0.2,0.16147998428179064
578,98,0.166888430472,0.0020521535265300003,0.163288844075,0.00537549991503,388.8889,100.000063685,0.2,0.17042931288309732
579,99,0.174730560806,0.0020521535265300003,0.18095659824000002,0.00537549991503,398.9899,100.000063685,0.2,0.17998019581594063
580,100,0.188665390622,0.0020521535265300003,0.18925480724899998,0.00537549991503,409.0909,100.000063685,0.2,0.18996585913640077
581,101,0.199959843986,0.0020521535265300003,0.208285381481,0.00537549991503,419.1919,100.000063685,0.2,0.2002001426214285
582,102,0.200947514157,0.0020521535265300003,0.198994925441,0.00537549991503,429.2929,100.000063685,0.2,0.2104936540416014
583,103,0.220979383662,0.0020521535265300003,0.212797932616,0.00537549991503,439.394,100.000063685,0.2,0.22066882976534496
584,104,0.22943862549000002,0.0020521535265300003,0.238100301768,0.00537549991503,449.495,100.000063685,0.2,0.23057135244398122
585,105,0.23420322225600002,0.0020521535265300003,0.23211747556499998,0.00537549991503,459.5959,100.000063685,0.2,0.2400773812181398
586,106,0.256147553839,0.0020521535265300003,0.255462319206,0.00537549991503,469.69699999999995,100.000063685,0.2,0.2490962235500997
587,107,0.259543600094,0.0020521535265300003,0.25611892655699997,0.00537549991503,479.798,100.000063685,0.2,0.2575684285029347
588,108,0.262552383356,0.0020521535265300003,0.264845558238,0.00537549991503,489.899,100.000063685,0.2,0.26546276640250155
589,109,0.271047696299,0.0020521535265300003,0.266693812213,0.00537549991503,500.0,100.000063685,0.2,0.27277086712739623
590,110,0.26682256148,0.0020521535265300003,0.264922271887,0.00537549991503,500.0,100.000063685,0.2,0.27277086712739623
591,111,0.308641019824,0.0020521535265300003,0.308590084181,0.00537549991503,555.5555,100.000063685,0.2,0.30339647655176294
592,112,0.32070328827100003,0.0020521535265300003,0.319435912943,0.00537549991503,611.1111,100.000063685,0.2,0.32196864838152556
593,113,0.33395736241,0.0020521535265300003,0.335000120171,0.00537549991503,666.6667,100.000063685,0.2,0.33349409875668445
594,114,0.343142549108,0.0020521535265300003,0.34195940352799997,0.00537549991503,722.2222,100.000063685,0.2,0.34101441437432495
595,115,0.339856722175,0.0020521535265300003,0.339391522429,0.00537549991503,777.7778,100.000063685,0.2,0.34618180105635576
596,116,0.344292411644,0.0020521535265300003,0.34241102194899997,0.00537549991503,833.3333,100.000063685,0.2,0.34989573503600324
597,117,0.35278542683200004,0.0020521535265300003,0.35430024017399997,0.00537549991503,888.8889,100.000063685,0.2,0.35266289333104045
598,118,0.352221163715,0.0020521535265300003,0.350321051511,0.00537549991503,944.4445,100.000063685,0.2,0.3547801447670969
599,119,0.34831246266099997,0.0020521535265300003,0.34645588532,0.00537549991503,1000.0,100.000063685,0.2,0.35642920319495885
600,0,0.353358126489,0.00168711538784,0.3529896508,0.00177188254505,-1000.0,150.000097874,0.2,0.34788052647338946
601,1,0.340879552553,0.00168711538784,0.33639605772799996,0.00177188254505,-944.4445,150.000097874,0.2,0.3456219843859772
602,2,0.345570799895,0.00168711538784,0.34178902116400006,0.00177188254505,-888.8889,150.000097874,0.2,0.3429304883649694
603,3,0.335381464445,0.00168711538784,0.33911046304,0.00177188254505,-833.3333,150.000097874,0.2,0.3397155728765677
604,4,0.32966793718000004,0.00168711538784,0.32693338411600004,0.00177188254505,-777.7778,150.000097874,0.2,0.33588048072979515
605,5,0.335392117021,0.00168711538784,0.334786308117,0.00177188254505,-722.2222,150.000097874,0.2,0.3313118718681199
606,6,0.331317029342,0.00168711538784,0.3255938239,0.00177188254505,-666.6667,150.000097874,0.2,0.3257975897476632
607,7,0.316813437526,0.00168711538784,0.319215554812,0.00177188254505,-611.1111,150.000097874,0.2,0.3188355861264994
608,8,0.314462891631,0.00168711538784,0.31262726337499996,0.00177188254505,-555.5555,150.000097874,0.2,0.30963785058048165
609,9,0.298867227155,0.00168711538784,0.302856866255,0.00177188254505,-500.0,150.000097874,0.2,0.29770486351159386
610,10,0.295848801506,0.00168711538784,0.293889024416,0.00177188254505,-500.0,150.000097874,0.2,0.29770486351159386
611,11,0.296007377949,0.00168711538784,0.29404689262,0.00177188254505,-489.899,150.000097874,0.2,0.29520535227886885
612,12,0.29305643085599997,0.00168711538784,0.292123796413,0.00177188254505,-479.798,150.000097874,0.2,0.29258388225322113
613,13,0.288834264168,0.00168711538784,0.287403494918,0.00177188254505,-469.69699999999995,150.000097874,0.2,0.2898285889862385
614,14,0.286004389106,0.00168711538784,0.28967480086999997,0.00177188254505,-459.5959,150.000097874,0.2,0.28692830247797324
615,15,0.292958427161,0.00168711538784,0.287815104984,0.00177188254505,-449.495,150.000097874,0.2,0.28387406817279304
616,16,0.279285221976,0.00168711538784,0.277507562351,0.00177188254505,-439.394,150.000097874,0.2,0.2806588049649961
617,17,0.280478934899,0.00168711538784,0.280234760189,0.00177188254505,-429.2929,150.000097874,0.2,0.27727545610252746
618,18,0.275747317969,0.00168711538784,0.26937264047,0.00177188254505,-419.1919,150.000097874,0.2,0.27371323615520576
619,19,0.276004963366,0.00168711538784,0.273699606937,0.00177188254505,-409.0909,150.000097874,0.2,0.26995440592850645
620,20,0.275607438632,0.00168711538784,0.27577536999200003,0.00177188254505,-398.9899,150.000097874,0.2,0.26597575649194255
621,21,0.264512597528,0.00168711538784,0.257876939274,0.00177188254505,-388.8889,150.000097874,0.2,0.2617565412439927
622,22,0.255200336377,0.00168711538784,0.259344284173,0.00177188254505,-378.7879,150.000097874,0.2,0.2572897596060188
623,23,0.252535980298,0.00168711538784,0.25264802944000003,0.00177188254505,-368.6869,150.000097874,0.2,0.25258581642865374
624,24,0.24808985239300002,0.00168711538784,0.24235876184500002,0.00177188254505,-358.5858,150.000097874,0.2,0.24765633392548542
625,25,0.235618661794,0.00168711538784,0.230534812868,0.00177188254505,-348.4849,150.000097874,0.2,0.2424820779642728
626,26,0.234518434404,0.00168711538784,0.228254650552,0.00177188254505,-338.3839,150.000097874,0.2,0.23699715925998427
627,27,0.23188052609999998,0.00168711538784,0.240641189516,0.00177188254505,-328.2828,150.000097874,0.2,0.23113381861720964
628,28,0.23556341533300001,0.00168711538784,0.238050492147,0.00177188254505,-318.1818,150.000097874,0.2,0.22490932938630903
629,29,0.22118118941300002,0.00168711538784,0.219616040534,0.00177188254505,-308.0808,150.000097874,0.2,0.21843512638236018
630,30,0.206206606825,0.00168711538784,0.199642830801,0.00177188254505,-297.9798,150.000097874,0.2,0.21175120281802212
631,31,0.207057417015,0.00168711538784,0.202894522203,0.00177188254505,-287.8788,150.000097874,0.2,0.20466858273468902
632,32,0.197759775605,0.00168711538784,0.20378184554099998,0.00177188254505,-277.7778,150.000097874,0.2,0.1969894281316467
633,33,0.196765229112,0.00168711538784,0.199884342445,0.00177188254505,-267.6768,150.000097874,0.2,0.18890948446685069
634,34,0.17131170795200001,0.00168711538784,0.171074168254,0.00177188254505,-257.5757,150.000097874,0.2,0.18072603007698973
635,35,0.1709475368,0.00168711538784,0.17257089378899998,0.00177188254505,-247.4747,150.000097874,0.2,0.17216021337350365
636,36,0.168660979824,0.00168711538784,0.174261615871,0.00177188254505,-237.3737,150.000097874,0.2,0.1629769931015344
637,37,0.154739385964,0.00168711538784,0.156538484932,0.00177188254505,-227.2727,150.000097874,0.2,0.15358461608010138
638,38,0.140714131523,0.00168711538784,0.143743288024,0.00177188254505,-217.1717,150.000097874,0.2,0.14379731729362755
639,39,0.136944919695,0.00168711538784,0.137460948823,0.00177188254505,-207.0707,150.000097874,0.2,0.13374754884697898
640,40,0.126066546272,0.00168711538784,0.125444057628,0.00177188254505,-196.9697,150.000097874,0.2,0.12362127153405927
641,41,0.116198918604,0.00168711538784,0.120631607773,0.00177188254505,-186.8687,150.000097874,0.2,0.11274745670112739
642,42,0.107178831888,0.00168711538784,0.11059521045999998,0.00177188254505,-176.7677,150.000097874,0.2,0.10259867965773825
643,43,0.08900649305089998,0.00168711538784,0.08905380573899999,0.00177188254505,-166.6667,150.000097874,0.2,0.0915233338117205
644,44,0.079084794379,0.00168711538784,0.0760244072023,0.00177188254505,-156.5657,150.000097874,0.2,0.08132227082546385
645,45,0.0635844153554,0.00168711538784,0.0609666341871,0.00177188254505,-146.4646,150.000097874,0.2,0.07080317164438447
646,46,0.0576085776008,0.00168711538784,0.0597996606091,0.00177188254505,-136.3636,150.000097874,0.2,0.06073629924163933
647,47,0.0563116448936,0.00168711538784,0.054310978152099995,0.00177188254505,-126.2626,150.000097874,0.2,0.05126186229688262
648,48,0.041912080988,0.00168711538784,0.038129121665199994,0.00177188254505,-116.1616,150.000097874,0.2,0.0427419156885588
649,49,0.025290206156700003,0.00168711538784,0.026528535814299998,0.00177188254505,-106.0606,150.000097874,0.2,0.03436706058483922
650,50,0.020832929780299998,0.00168711538784,0.0174740562419,0.00177188254505,-95.95959,150.000097874,0.2,0.026768510912934973
651,51,0.0158143287916,0.00168711538784,0.013934814161100002,0.00177188254505,-85.85859,150.000097874,0.2,0.020392372252690343
652,52,0.00411316512631,0.00168711538784,0.00666380670147,0.00177188254505,-75.75758,150.000097874,0.2,0.015118400503378735
653,53,-0.00012189180191299998,0.00168711538784,-4.6647973959099994e-06,0.00177188254505,-65.65656,150.000097874,0.2,0.010612115859225767
654,54,0.0185122698692,0.00168711538784,0.021632836136699998,0.00177188254505,-55.55556,150.000097874,0.2,0.006703898980835686
655,55,-0.0035559123692199997,0.00168711538784,-0.00390191300276,0.00177188254505,-45.45454,150.000097874,0.2,0.004788444909339572
656,56,0.0128439278911,0.00168711538784,0.0208086600808,0.00177188254505,-35.35353,150.000097874,0.2,0.0021815020104165965
657,57,-0.0192422835253,0.00168711538784,-0.0191130177962,0.00177188254505,-25.25253,150.000097874,0.2,0.0017482924129440193
658,58,0.00277335947581,0.00168711538784,0.00010613642474500001,0.00177188254505,-15.151520000000001,150.000097874,0.2,3.0240291645200562e-05
659,59,0.0272240453364,0.00168711538784,0.0250497338733,0.00177188254505,-5.050505,150.000097874,0.2,-0.0005735492851949488
660,60,0.0210573611807,0.00168711538784,0.0187048378147,0.00177188254505,5.050505,150.000097874,0.2,-0.0005854971139116511
661,61,0.011819385214200001,0.00168711538784,0.00745134974269,0.00177188254505,15.151520000000001,150.000097874,0.2,-8.95171342489077e-05
662,62,-0.0241293398991,0.00168711538784,-0.023072234286299998,0.00177188254505,25.25253,150.000097874,0.2,0.0014128454947301189
663,63,0.0216390615987,0.00168711538784,0.0211118570034,0.00177188254505,35.35353,150.000097874,0.2,0.001423959997601672
664,64,-0.021490259811400004,0.00168711538784,-0.0291893952678,0.00177188254505,45.45454,150.000097874,0.2,0.002989837520190751
665,65,0.011710365286600001,0.00168711538784,0.0116749483824,0.00177188254505,55.55556,150.000097874,0.2,0.00353177061719927
666,66,0.0206532502171,0.00168711538784,0.0206080282894,0.00177188254505,65.65656,150.000097874,0.2,0.005549100592138833
667,67,0.00900933863546,0.00168711538784,0.006506430516950001,0.00177188254505,75.75758,150.000097874,0.2,0.00736729461490219
668,68,0.008571969596319999,0.00168711538784,0.00484796668658,0.00177188254505,85.85859,150.000097874,0.2,0.009246209015549314
669,69,0.009712599633719999,0.00168711538784,0.006471473182600001,0.00177188254505,95.95959,150.000097874,0.2,0.011503739606301211
670,70,0.0228909081982,0.00168711538784,0.0183673119379,0.00177188254505,106.0606,150.000097874,0.2,0.014342515560320707
671,71,0.020036091415799998,0.00168711538784,0.013615733419899998,0.00177188254505,116.1616,150.000097874,0.2,0.017504349044598147
672,72,0.0126303364047,0.00168711538784,0.009796392657629998,0.00177188254505,126.2626,150.000097874,0.2,0.02014152036426679
673,73,0.022428913343,0.00168711538784,0.0240582147088,0.00177188254505,136.3636,150.000097874,0.2,0.02303864161218295
674,74,0.0273050893965,0.00168711538784,0.0254406509737,0.00177188254505,146.4646,150.000097874,0.2,0.02635136245864778
675,75,0.0158132231277,0.00168711538784,0.014720739158700001,0.00177188254505,156.5657,150.000097874,0.2,0.02981675862855026
676,76,0.033863178564499996,0.00168711538784,0.0352954647075,0.00177188254505,166.6667,150.000097874,0.2,0.03280610531439109
677,77,0.0299851010874,0.00168711538784,0.029574843914799996,0.00177188254505,176.7677,150.000097874,0.2,0.036524192210757526
678,78,0.0522238843233,0.00168711538784,0.0490060582216,0.00177188254505,186.8687,150.000097874,0.2,0.03935809262712965
679,79,0.044858032390900006,0.00168711538784,0.046267445514400006,0.00177188254505,196.9697,150.000097874,0.2,0.043098102708661636
680,80,0.042485593616,0.00168711538784,0.047913464044500004,0.00177188254505,207.0707,150.000097874,0.2,0.04598856828829869
681,81,0.05451833889859999,0.00168711538784,0.0543381517265,0.00177188254505,217.1717,150.000097874,0.2,0.04929233274997504
682,82,0.0501418200648,0.00168711538784,0.0478113487605,0.00177188254505,227.2727,150.000097874,0.2,0.052410764316832774
683,83,0.047598793148900004,0.00168711538784,0.045737539728300004,0.00177188254505,237.3737,150.000097874,0.2,0.0555511335594066
684,84,0.0681821036976,0.00168711538784,0.062136658290499996,0.00177188254505,247.4747,150.000097874,0.2,0.05873744950113732
685,85,0.0595888546632,0.00168711538784,0.0561968495148,0.00177188254505,257.5757,150.000097874,0.2,0.06166807698135691
686,86,0.0550958921587,0.00168711538784,0.055518437966,0.00177188254505,267.6768,150.000097874,0.2,0.06482034288170145
687,87,0.0695509963893,0.00168711538784,0.0684974536313,0.00177188254505,277.7778,150.000097874,0.2,0.06828409662545304
688,88,0.0732519582679,0.00168711538784,0.0661755679999,0.00177188254505,287.8788,150.000097874,0.2,0.0716958193172915
689,89,0.07359431000639999,0.00168711538784,0.06491847037380001,0.00177188254505,297.9798,150.000097874,0.2,0.07508517986461842
690,90,0.0780507598898,0.00168711538784,0.07436739553449999,0.00177188254505,308.0808,150.000097874,0.2,0.07878167818832355
691,91,0.0711411320553,0.00168711538784,0.07369889467889999,0.00177188254505,318.1818,150.000097874,0.2,0.08291979640034541
692,92,0.0886204290196,0.00168711538784,0.0895874087056,0.00177188254505,328.2828,150.000097874,0.2,0.08741626651507221
693,93,0.0900077249539,0.00168711538784,0.0840373642973,0.00177188254505,338.3839,150.000097874,0.2,0.09221926969939526
694,94,0.0954769776415,0.00168711538784,0.0928235100948,0.00177188254505,348.4849,150.000097874,0.2,0.09740160803289524
695,95,0.10154310515699999,0.00168711538784,0.0975145574728,0.00177188254505,358.5858,150.000097874,0.2,0.10307306245869936
696,96,0.10241342058,0.00168711538784,0.106213503228,0.00177188254505,368.6869,150.000097874,0.2,0.10928750003443759
697,97,0.115879451537,0.00168711538784,0.119787357292,0.00177188254505,378.7879,150.000097874,0.2,0.11603001293553497
698,98,0.121202947604,0.00168711538784,0.121287034948,0.00177188254505,388.8889,150.000097874,0.2,0.12325352390682996
699,99,0.129410316273,0.00168711538784,0.12484148748299999,0.00177188254505,398.9899,150.000097874,0.2,0.13090832355514753
700,100,0.141137222438,0.00168711538784,0.144035266885,0.00177188254505,409.0909,150.000097874,0.2,0.13894662145204326
701,101,0.146041668223,0.00168711538784,0.153917422886,0.00177188254505,419.1919,150.000097874,0.2,0.1473125992454866
702,102,0.15235243764599998,0.00168711538784,0.151607739356,0.00177188254505,429.2929,150.000097874,0.2,0.1559341808622225
703,103,0.172675090691,0.00168711538784,0.16888903612999998,0.00177188254505,439.394,150.000097874,0.2,0.16472382787177609
704,104,0.176554281178,0.00168711538784,0.17229142629900002,0.00177188254505,449.495,150.000097874,0.2,0.17358597963445066
705,105,0.18308394266300002,0.00168711538784,0.181751428944,0.00177188254505,459.5959,150.000097874,0.2,0.18242714232193105
706,106,0.184966840491,0.00168711538784,0.187656936881,0.00177188254505,469.69699999999995,150.000097874,0.2,0.19116332189613233
707,107,0.20702277777800002,0.00168711538784,0.205460337406,0.00177188254505,479.798,150.000097874,0.2,0.19972288417597409
708,108,0.21856800243000002,0.00168711538784,0.216570716474,0.00177188254505,489.899,150.000097874,0.2,0.20804793401425986
709,109,0.22029989081700002,0.00168711538784,0.215055434748,0.00177188254505,500.0,150.000097874,0.2,0.21609265623651944
710,110,0.212898995585,0.00168711538784,0.21915311978799998,0.00177188254505,500.0,150.000097874,0.2,0.21609265623651944
711,111,0.257454678495,0.00168711538784,0.257272738434,0.00177188254505,555.5555,150.000097874,0.2,0.25416909640325724
712,112,0.291705316945,0.00168711538784,0.297427774476,0.00177188254505,611.1111,150.000097874,0.2,0.2813994003410596
713,113,0.298544454116,0.00168711538784,0.30200665530000004,0.00177188254505,666.6667,150.000097874,0.2,0.3001703004862404
714,114,0.31559107284800003,0.00168711538784,0.313222467274,0.00177188254505,722.2222,150.000097874,0.2,0.31343428420889197
715,115,0.32237264937800003,0.00168711538784,0.323536757613,0.00177188254505,777.7778,150.000097874,0.2,0.3231371088503067
716,116,0.338540467359,0.00168711538784,0.33765858163400003,0.00177188254505,833.3333,150.000097874,0.2,0.3304153113539196
717,117,0.33461855637,0.00168711538784,0.338750023078,0.00177188254505,888.8889,150.000097874,0.2,0.335981484954516
718,118,0.339729478456,0.00168711538784,0.340137801277,0.00177188254505,944.4445,150.000097874,0.2,0.34031620167082854
719,119,0.346344654409,0.00168711538784,0.3525570947300001,0.00177188254505,1000.0,150.000097874,0.2,0.34375205332648917
